time,seconds_elapsed,z,y,x
1772609207936177000,0.079177001953125,-0.23286942919790743,-0.2729643428947776,0.30673421828858555
1772609207946174700,0.0891748046875,-0.17615736189484596,-0.27176293121576306,0.2558093560848385
1772609207956172800,0.0991728515625,-0.12004326048493384,-0.2661453835949302,0.12380297834463416
1772609207966171000,0.1091708984375,-0.10061375287175178,-0.2592450296219438,-0.011774535880610346
1772609207976168700,0.119168701171875,-0.18435177426636218,-0.30538499563671645,-0.12759016873314977
1772609207986166800,0.129166748046875,-0.263102070376277,-0.398031349825859,-0.24867073637656867
1772609207996164900,0.139164794921875,-0.3258487416684627,-0.4959986798420548,-0.36660906047150493
1772609208006163700,0.149163818359375,-0.3368564578950405,-0.5142809901814908,-0.36015221248231827
1772609208016161800,0.159161865234375,-0.3280015357881784,-0.49913398219309746,-0.22720833469629287
1772609208026159900,0.169159912109375,-0.31663843025267124,-0.5067231952130794,-0.07540631944425404
1772609208036157700,0.17915771484375,-0.27537176936268803,-0.49436969040073453,-0.016926877142488955
1772609208046155800,0.18915576171875,-0.24685820706188677,-0.3721197136517614,-0.0376166139498353
1772609208056153900,0.19915380859375,-0.23832827912569043,-0.2679020180039108,0.007688289480283856
1772609208066151700,0.209151611328125,-0.19371932207047937,-0.22058774751275775,0.1094197212703526
1772609208076149800,0.219149658203125,-0.14763620080947876,-0.14248254437334834,0.10176774521246552
1772609208086147800,0.22914794921875,-0.049613633474707604,-0.023256445490196346,0.10461721635945141
1772609208096145700,0.239145751953125,0.11549509566128253,0.13290639531984924,0.19186989481151104
1772609208106143700,0.249143798828125,0.34000819992423054,0.24042430155687033,0.280255303620547
1772609208116142800,0.259142822265625,0.6394792222768068,0.3447719071947038,0.26894443972893056
1772609208126140700,0.269140625,1.0238818597227335,0.3487279513441026,0.16661840304657816
1772609208136138800,0.279138671875,1.4526900406062602,0.23967596740759908,0.07918211165592073
1772609208146136800,0.28913671875,1.879325553625822,0.153147803837806,0.025981413474678992
1772609208156134700,0.299134765625,2.3266057952672243,0.17540405930951236,0.01017689142562449
1772609208166132700,0.3091328125,2.61492413996458,0.2356788605954498,0.03143536803163588
1772609208176130800,0.319130859375,2.7378713051974772,0.2784587025273591,0.0038557255800813436
1772609208186128600,0.329128662109375,2.834493942606449,0.35718927102349696,-0.028864056238904593
1772609208196126700,0.339126708984375,2.933013353547454,0.36933731639161704,-0.0848080617789179
1772609208206124800,0.349124755859375,3.018146044170856,0.21271043826639652,-0.09644976506009698
1772609208216122600,0.35912255859375,3.0633441992908717,0.05932429562807083,-0.014131839596480131
1772609208226121700,0.369121826171875,3.1680121959894896,0.00857464386075735,0.09090791302397846
1772609208236119800,0.379119873046875,3.3207167861044407,0.0928240488436073,0.06501092642974109
1772609208246117600,0.38911767578125,3.3758874691843985,0.1704849422816187,-0.0821819145264104
1772609208256115700,0.39911572265625,3.2674370313376184,0.16265286041647195,-0.30934228189513086
1772609208266113800,0.40911376953125,3.139679835474491,0.2606701670542359,-0.4666111111856997
1772609208276111600,0.419111572265625,3.158997699406743,0.5788106724329293,-0.34800708972364663
1772609208286109700,0.429109619140625,2.882909890729189,0.8874585423231124,-0.12110933708017692
1772609208296107800,0.439107666015625,2.038407277557254,0.7016517469428479,-0.21400038674538954
1772609208306105600,0.449105712890625,0.143006787443161,0.008615560393035411,-0.6234376035362482
1772609208316103700,0.459103759765625,-2.7922558063358065,-0.5894551083050668,-0.8520178111076354
1772609208326101800,0.469101806640625,-6.409311746507883,-1.1042973125658928,-0.5131960810216143
1772609208336100900,0.479100830078125,-10.237549015682935,-1.8119367556162178,0.2261244119171053
1772609208346098700,0.4890986328125,-13.269874391853808,-2.2219293230012056,0.7769220189172774
1772609208356096800,0.4990966796875,-14.701100788670777,-1.8659803343623875,1.0229868836443872
1772609208366094600,0.509094482421875,-14.502221891880035,-1.0175615706600247,0.9211247381467371
1772609208376092700,0.5190927734375,-13.093984740984439,-0.5177390947461128,1.1698154943980277
1772609208386090800,0.5290908203125,-11.047918473106622,-0.5578530784696341,1.8014926646217704
1772609208396088600,0.539088623046875,-8.96537979287803,-0.5931891802668571,2.396110854778439
1772609208406086700,0.549086669921875,-7.193463059091568,-0.4803486907675862,2.6108430081307885
1772609208416084700,0.559084716796875,-6.089456692296266,-0.2690795373506844,2.4319927538901567
1772609208426082600,0.56908251953125,-5.659399388134479,-0.14748656320571898,1.9770678427144883
1772609208436081700,0.57908154296875,-5.33496109778583,-0.3032075785323977,1.194143587707728
1772609208446079700,0.589079833984375,-5.190186131626367,-0.21943156321495771,0.75301500056386
1772609208456077800,0.599077880859375,-4.2327854535490275,-0.2689633636251092,0.2526288994178176
1772609208466075600,0.60907568359375,-3.209703219771385,0.1339268244087696,-0.5942378125369548
1772609208476073700,0.61907373046875,-1.8389508731395006,0.6453374467857181,-1.639212290779501
1772609208486071600,0.629071533203125,-1.2869500278294086,0.9673688221231103,-1.517680399172008
1772609208496069600,0.639069580078125,-0.7239946577847004,1.5612893854044376,-0.38344321782924234
1772609208506067700,0.649067626953125,-0.4467588481158018,2.2647917286500334,0.0750307641301304
1772609208516065500,0.6590654296875,0.1811918489307165,2.6427131873831153,0.4735526008866727
1772609208526063600,0.669063720703125,1.3119441838324069,2.5175427931427956,0.3910046660594642
1772609208536061400,0.6790615234375,2.747858446204662,2.2602653372667727,-0.025812121322378513
1772609208546060500,0.689060546875,4.220256811365485,2.1084908676087855,-0.47240178688373413
1772609208556058600,0.69905859375,5.439219929161667,1.959957133437693,-0.9326965910620987
1772609208566056700,0.709056640625,6.6969216506749385,1.7563854026556014,-1.3647316250376402
1772609208576054500,0.719054443359375,8.015960176682471,1.72968575790897,-1.568028922792524
1772609208586052600,0.729052490234375,9.272759980919957,1.9342121590673922,-1.5725082601636646
1772609208596050400,0.739050537109375,10.240058952677249,2.2082889201834797,-1.4020198838159441
1772609208606048500,0.749048583984375,10.925127959740161,2.433237493254244,-1.0576944052144885
1772609208616046600,0.759046630859375,11.53970596499443,2.5409520180419087,-0.7263835987478494
1772609208626044400,0.76904443359375,11.861695693147182,2.3638918620884417,-0.877364872201532
1772609208636042500,0.77904248046875,11.77965921497345,2.165053589569032,-0.9680003249596804
1772609208646040600,0.78904052734375,10.96974334653616,1.9096961419701575,0.1871508669329807
1772609208656039700,0.799039794921875,10.293353320491313,1.553384165237844,0.6170654381558298
1772609208666037500,0.80903759765625,10.18125605057478,1.6385373141273856,0.7990330937646329
1772609208676035600,0.81903564453125,10.186120441740751,1.8183163736507295,0.731768141330406
1772609208686033700,0.82903369140625,9.828513456761836,1.7899200079888105,0.44870903233550485
1772609208696031500,0.839031494140625,8.94899038361311,1.3955173700541257,0.24623517979271708
1772609208706029600,0.849029541015625,8.02842335241437,1.005612920321524,0.09814937205221504
1772609208716027600,0.859027587890625,7.276067108020186,0.8677803206458687,-0.10474561024578287
1772609208726025500,0.869025390625,6.260543911319971,0.830479640777409,-0.33815278131589294
1772609208736023600,0.8790234375,4.551073404574394,0.6687523707732558,-0.6769448103833943
1772609208746021600,0.889021728515625,2.3756997887820006,0.42521454030573363,-0.9546030832480639
1772609208756019700,0.899019775390625,0.011222235760092734,0.08291793718338013,-1.2353243238799274
1772609208766018600,0.9090185546875,-2.693339505031705,-0.16958938168138266,-1.8560127748385071
1772609208776016600,0.9190166015625,-5.0382688924968235,-0.6020220366723835,-2.3841163194715977
1772609208786014500,0.929014404296875,-7.086646359926462,-1.4615550457157194,-2.2216519673645494
1772609208796012500,0.939012451171875,-9.897592253684998,-2.4503499560967086,-1.2916145125091074
1772609208806010600,0.9490107421875,-13.644295733511447,-4.07326650724411,-0.3319648133959621
1772609208816008400,0.959008544921875,-17.15844367239475,-5.903092409163713,0.0738041449446231
1772609208826006500,0.969006591796875,-18.659893359994886,-6.244959388697147,-0.034804990595206614
1772609208836004600,0.979004638671875,-17.907328441286086,-4.381081287311018,0.6556267856098711
1772609208846002700,0.989002685546875,-15.732625272101163,-2.997731617173552,2.4503388501808048
1772609208856000800,0.999000732421875,-12.892481340909004,-2.960279253874719,3.575548456263542
1772609208865998600,1.00899853515625,-10.444029035127162,-2.748919937956333,3.6175621361285444
1772609208875997400,1.01899755859375,-9.13962693723738,-1.8117241357788443,3.1551208579733965
1772609208885995500,1.02899560546875,-8.96394712972641,-0.4911728671208024,2.7753216226696966
1772609208895993600,1.03899365234375,-8.756400942355393,0.22916063780784607,2.3878651506111024
1772609208905991700,1.04899169921875,-7.712752890411019,-0.10361994895040988,1.813968407574296
1772609208915989800,1.05898974609375,-6.070019585898518,-0.6206424198597669,1.2509744590848684
1772609208925987800,1.06898779296875,-4.094613246655464,-0.5590243142060936,0.7773718815766274
1772609208935985700,1.078985595703125,-2.11230545746088,0.038892917495965955,0.6848351983070373
1772609208945983700,1.088983642578125,-0.2609142049431801,0.6869708951614797,0.7248884648192674
1772609208955981800,1.09898193359375,1.3613438822954893,1.196204611890763,0.6053380293525755
1772609208965979600,1.108979736328125,2.7405267881423234,1.479897927135974,0.24599662179648873
1772609208975977700,1.118977783203125,4.059623181816935,1.697130226740986,-0.22925266347285359
1772609208985976600,1.1289765625,5.278160183155537,1.9624971733093262,-0.41621348772644995
1772609208995974700,1.138974609375,6.446439407896995,2.1895317588739096,-0.25761799467569213
1772609209005972700,1.14897265625,7.509536841198802,2.0965715894952415,-0.09869591828538105
1772609209015970800,1.158970703125,8.45808084360361,2.1963661349385974,-0.0404831229965901
1772609209025968600,1.16896875,9.469837965768575,2.5761618631109595,0.029814150904817503
1772609209035966700,1.178966796875,10.158847819411754,2.7392215507626534,-0.0170519008948002
1772609209045964800,1.18896484375,10.481997238993644,2.79762054823935,-0.11831124906055629
1772609209055962600,1.198962646484375,10.678636247903109,2.8499147991001603,-0.3404144061049446
1772609209065960700,1.208960693359375,10.888774205332993,2.7689807292103765,-0.5020352931251749
1772609209075958800,1.218958740234375,11.134297948920727,2.438504912263155,-0.5233802424382418
1772609209085957600,1.22895751953125,11.474266401356457,2.1965546432480214,-0.2940244656507857
1772609209095955700,1.238955810546875,11.678049436801672,2.2517028222352264,0.11610531824780627
1772609209105953800,1.248953857421875,11.639916397762297,2.4200962721303103,0.44966615039724855
1772609209115951600,1.25895166015625,11.408872430425882,2.507084527492523,0.6695848030094057
1772609209125949700,1.26894970703125,10.923525200718641,2.546999773773551,0.8630562147334218
1772609209135947800,1.27894775390625,10.181688596773148,2.4925261330470443,1.0096879877407103
1772609209145945600,1.288945556640625,9.672382983851433,2.590491709497571,1.164487796569243
1772609209155943700,1.298943603515625,9.193826144936681,2.696049056251347,1.1611017343275247
1772609209165941800,1.308941650390625,8.345308450904488,2.4681661832943558,0.9492479859557003
1772609209175939600,1.318939697265625,7.355444011595845,2.3405844901286064,0.5892559690037742
1772609209185937700,1.328937744140625,5.909078497835994,2.296560785615444,0.04453505156878382
1772609209195936800,1.338936767578125,4.60867160706222,1.9567846408814191,-0.5287967875942587
1772609209205934600,1.3489345703125,3.356307739445567,1.5654172789894043,-0.5814984502121806
1772609209215932700,1.3589326171875,1.6440145764946936,1.2299950916811824,-0.20016170314289627
1772609209225930800,1.3689306640625,-0.4667249468237161,0.9884469737261533,0.11529581022951751
1772609209235928600,1.378928466796875,-2.952371549490094,0.22630700194239614,-0.2813203755687922
1772609209245926700,1.3889267578125,-5.316210804608464,-1.1033536019749939,-0.8437585898716002
1772609209255924700,1.3989248046875,-8.307851119169593,-2.6550699801310897,-0.4591901308720931
1772609209265922600,1.408922607421875,-12.54718321788311,-4.138354188704491,0.4580087390678003
1772609209275920600,1.418920654296875,-17.343832973015306,-5.274856465435028,0.7883641810383647
1772609209285918700,1.428918701171875,-21.262612682902812,-4.964922501257061,0.6437528079427778
1772609209295916500,1.43891650390625,-23.0669920088768,-2.7517981237411497,1.4460580552458762
1772609209305915600,1.44891552734375,-22.278210113883016,-1.392159584058821,2.956566663092375
1772609209315913700,1.458913818359375,-19.113116435688735,-1.5749774267561734,3.690689623920619
1772609209325911600,1.46891162109375,-15.262979469394683,-1.4459814828783273,3.7203058867663144
1772609209335909600,1.47890966796875,-12.740400435650347,-0.9959932974524796,3.610428338725865
1772609209345907700,1.48890771484375,-11.925106965827942,-0.7195154665440321,2.9544875187307595
1772609209355905500,1.498905517578125,-12.405073087018728,-0.6729536218553781,1.734905099992454
1772609209365903600,1.508903564453125,-12.762654353034495,-0.8384565379407256,0.8097766791623086
1772609209375901700,1.518901611328125,-12.341314608335495,-0.4308898094631731,-0.2050548089466989
1772609209385899500,1.5288994140625,-10.991040986108779,-0.07059395072646439,-0.0882658010173589
1772609209395897600,1.538897705078125,-8.875388556307554,-0.15667700087726116,0.7648935082755982
1772609209405896700,1.548896728515625,-6.31257980350554,-0.19582688880898058,1.2644129095897079
1772609209415894500,1.55889453125,-3.567586683604121,-0.1322343412771821,1.0198130028486252
1772609209425892600,1.568892578125,-1.1876479420781134,-0.087604925955832,0.4932149674076587
1772609209435890700,1.578890625,0.8325690142720937,-0.13042100824490188,0.14505933605879545
1772609209445888500,1.588888427734375,2.658573312076926,0.11024075532965362,-0.2504719405796379
1772609209455886600,1.598886474609375,4.315463152235746,0.2877506278119981,-0.8487745914027094
1772609209465884700,1.608884765625,5.786693058139085,0.5257542050279677,-1.3548840386316179
1772609209475882500,1.618882568359375,7.131898291060328,0.9341878525331616,-1.5842100961342453
1772609209485880600,1.628880615234375,8.220510689368844,1.4196210069581865,-1.558672188643366
1772609209495878700,1.638878662109375,8.991134411859512,1.8887315337441861,-1.484357536893338
1772609209505876500,1.64887646484375,9.587209961217642,2.383078062465042,-1.3744601151086389
1772609209515875600,1.65887548828125,10.023575425612925,2.868929296171665,-1.1308218930065632
1772609209525873700,1.668873779296875,10.14779801760912,2.9815634494438767,-0.943414092170447
1772609209535871500,1.67887158203125,9.956900182700156,2.7770418705910442,-0.5710948373585939
1772609209545869600,1.68886962890625,9.696169517630338,2.532058809751272,-0.3464677878597751
1772609209555867600,1.69886767578125,9.64860697146654,2.4476576482728123,-0.2677818074240349
1772609209565865500,1.708865478515625,9.657805592444538,2.3517022426009175,-0.29636332039451224
1772609209575863600,1.718863525390625,9.620282209736109,2.251173537664115,-0.37030364067312327
1772609209585861600,1.728861572265625,9.348033540830016,2.30618230818063,-0.34509949518125504
1772609209595859500,1.738859375,8.885444086375832,2.321979304510355,-0.13882847884520888
1772609209605857500,1.748857421875,8.439163961687683,2.24660462231338,0.1910867816098034
1772609209615855600,1.758855712890625,8.118506358921527,2.2017282464936376,0.3925437852602452
1772609209625854500,1.7688544921875,7.932344904884696,2.2528201358273625,0.23177907667793332
1772609209635852500,1.7788525390625,7.701346530255675,2.3886355504617094,-0.14540573834367096
1772609209645850600,1.7888505859375,7.402405084735155,2.659948107561469,-0.4790427958007902
1772609209655848400,1.798848388671875,7.058390571779012,2.81221401399821,-0.7073681518282741
1772609209665846500,1.808846435546875,6.732852211233973,2.4056407535374165,-0.9758031807303428
1772609209675844600,1.8188447265625,6.600228286117315,1.4897639259815214,-1.3452262757092714
1772609209685842400,1.828842529296875,6.634881666347384,0.6823284761831164,-1.5608759822979568
1772609209695840500,1.838840576171875,6.627688539972901,0.1729725943788886,-1.4033783126875756
1772609209705838600,1.848838623046875,6.069073829481005,-0.6885784764885902,-1.1675628201004118
1772609209715836400,1.85883642578125,4.119305204841495,-2.085437908801436,-0.7734803540308028
1772609209725835500,1.86883544921875,-0.1916401777088642,-3.557595743204653,0.33806174203157424
1772609209735833600,1.87883349609375,-7.7132906505495304,-4.858831193757057,2.0407067866712807
1772609209745831400,1.88883154296875,-14.415485857713222,-5.457590283110737,2.2456901378169656
1772609209755829500,1.89882958984375,-19.05467243002653,-6.107680915772915,1.8095720723114908
1772609209765827600,1.90882763671875,-20.80947962357998,-6.232789642953873,1.478309927292168
1772609209775825400,1.918825439453125,-19.40653824100494,-5.279406383824348,1.804385755714774
1772609209785823500,1.928823486328125,-17.375462621510028,-4.763456510582566,3.122901719152927
1772609209795821600,1.938821533203125,-15.761730955076217,-4.168674800427258,4.242541708409786
1772609209805819400,1.9488193359375,-13.821642012929916,-3.102355190208554,4.410383954162896
1772609209815817500,1.9588173828125,-11.980619009691477,-2.4357034449763595,3.996934962713718
1772609209825815600,1.968815673828125,-10.256925916326045,-1.2050849606998264,3.762058285346627
1772609209835814400,1.978814453125,-9.937959335386752,-0.8527584003418683,3.031304216429591
1772609209845812500,1.9888125,-10.260341862249375,-0.872518747344613,1.916084966224432
1772609209855810600,1.998810546875,-9.918716874778271,-0.8696043212026358,0.7088641625396906
1772609209865808400,2.008808349609375,-8.541730602192878,-0.9228867063179612,-0.2716840938258916
1772609209875806500,2.018806396484375,-6.026280397415161,-0.8067395764887333,-0.9382374932501465
1772609209885804500,2.028804443359375,-2.925479450911283,-0.9169729522295296,-1.1265648200839757
1772609209895802600,2.038802734375,-0.25675474717617036,-0.31641032058522106,-1.1159539942204952
1772609209905800700,2.04880078125,1.322949561971426,0.5891141859129071,-0.7427164555199444
1772609209915798800,2.058798828125,2.2120874356836078,0.8860157961688935,-0.14525719671845436
1772609209925796600,2.068796630859375,2.9085826766461134,0.5573042124152183,-0.35888372691646214
1772609209935795500,2.07879541015625,3.844357213848829,0.3868298645928502,-1.0460222337298095
1772609209945793500,2.08879345703125,4.991151167491078,0.7896290133424103,-1.4210989705562591
1772609209955791400,2.098791259765625,6.137930508086085,1.4491511989556252,-1.2352815076515078
1772609209965789400,2.10878955078125,7.245993456795811,2.0169557625971732,-0.8530914316885173
1772609209975787500,2.11878759765625,8.126136707669495,2.278510749661922,-0.8175166988298297
1772609209985785600,2.12878564453125,8.793226990449428,2.3157880486547944,-0.9300980259362608
1772609209995783700,2.13878369140625,9.113885177737474,2.401280366370827,-1.1081133637227116
1772609210005781800,2.14878173828125,9.30218247475922,2.445903205820918,-1.2809617472000419
1772609210015779600,2.158779541015625,9.509844397464393,2.464023384401202,-1.3768717062950133
1772609210025777700,2.168777587890625,9.729553316316007,2.490773151899874,-1.443986801929772
1772609210035775700,2.178775634765625,9.91461586920023,2.5607547428816555,-1.3447862768568097
1772609210045774300,2.1887744140625,10.056996049177647,2.651321733513474,-1.019468500259891
1772609210055772400,2.1987724609375,10.051391653299332,2.681033857949078,-0.7004698436819017
1772609210065770800,2.208770751953125,9.841405671560764,2.716993060080707,-0.47416949067600067
1772609210075768600,2.2187685546875,9.490966093993187,2.7896137673944232,-0.3504920384071767
1772609210085766700,2.2287666015625,9.156670426496863,2.9478683928519485,-0.3606541706550866
1772609210095764700,2.2387646484375,8.928039365521073,3.1172634210050103,-0.5363852699618786
1772609210105762600,2.248762451171875,8.690147139725088,3.1730490211129188,-0.8078653656482696
1772609210115760600,2.2587607421875,8.308407584008574,3.0851947965711353,-1.015720618968457
1772609210125758700,2.2687587890625,7.750973023211955,2.8719869301766154,-1.1147146616838872
1772609210135756500,2.278756591796875,7.140908695989847,2.6664021060064433,-1.092847697790712
1772609210145755600,2.288755615234375,6.601478578439354,2.309554414962232,-1.082923612082377
1772609210155753700,2.298753662109375,6.2969935273170465,1.6620388934850692,-1.1332829493578522
1772609210165751600,2.30875146484375,5.937556404301524,0.8593953541383147,-1.0307287299428134
1772609210175749600,2.31874951171875,4.9162020172297956,0.15876637437194585,-0.5873238318974152
1772609210185747700,2.328747802734375,2.7221412366241213,-0.5618950473368167,-0.30433636336661873
1772609210195745500,2.33874560546875,-0.33976854594945904,-1.477409471321106,-0.6971448639776557
1772609210205743600,2.34874365234375,-3.7291549636542793,-2.843693732628226,-1.54104973045215
1772609210215741700,2.35874169921875,-7.677162521591782,-4.615252154496312,-1.7327829932719467
1772609210225739500,2.368739501953125,-13.081526241427659,-6.02344663529396,-0.5566306605352088
1772609210235737600,2.378737548828125,-19.539243414664266,-7.016416639402508,1.3382511759996414
1772609210245735700,2.388735595703125,-24.827646759414673,-7.251542323094606,2.797213721004128
1772609210255734800,2.39873486328125,-26.89201908383369,-5.164473598220944,3.285651902464032
1772609210265732600,2.408732666015625,-25.98924840608835,-2.98643397808969,3.8780502246141433
1772609210275730700,2.418730712890625,-23.696122271096705,-2.536204823514819,4.973685068905353
1772609210285728800,2.428728759765625,-20.521979025006292,-2.020144329505414,5.561085144376754
1772609210295726600,2.4387265625,-17.27842263547182,-1.1874445284605026,5.100272051945328
1772609210305724700,2.448724609375,-14.119874433398246,-0.904185659109801,4.200846008452773
1772609210315722500,2.458722412109375,-11.168349856126309,-1.1822509053401649,3.2376778528898953
1772609210325720600,2.468720458984375,-8.196829954051971,-1.4600776666395365,1.6565309437185525
1772609210335718700,2.47871875,-5.343841738855838,-2.005703862351179,-0.06632657560557127
1772609210345716500,2.488716552734375,-3.066586542212963,-1.8821879573196172,-0.9736955409266054
1772609210355715600,2.498715576171875,-1.5033862086206673,-0.978222662962228,-1.3189936639524995
1772609210365713700,2.508713623046875,-0.42449324029386043,0.03168912359699607,-1.6382278097867964
1772609210375711700,2.518711669921875,0.3926701150536537,0.8866424036346375,-1.8337787311986087
1772609210385709600,2.52870947265625,1.1119693084985016,1.2380780065022408,-1.6440202755831181
1772609210395707600,2.538707763671875,2.233221409127116,1.3814905982673167,-1.199552461013943
1772609210405705700,2.548705810546875,3.9526422320008274,1.5537497836798428,-1.270393445304036
1772609210415703600,2.55870361328125,5.9386950529426334,1.8663237409725784,-1.3064141683645545
1772609210425701600,2.56870166015625,7.733824320012331,2.1651094114094973,-1.1456840927042067
1772609210435699500,2.578699462890625,8.942021713644266,2.4079534143939614,-0.823531940531358
1772609210445697500,2.588697509765625,10.024570281869172,3.3288372564569113,-0.37874081229194995
1772609210455695600,2.598695556640625,10.972198338472843,3.6954242512270805,-0.2946807558687404
1772609210465694700,2.60869482421875,11.41493626050949,3.733474580419063,-0.36718580091353503
1772609210475692500,2.618692626953125,11.503315970230101,3.5582051072746514,-0.5103532222785055
1772609210485690600,2.628690673828125,11.384901187729835,3.398276411125064,-0.3795309397563338
1772609210495688700,2.638688720703125,10.764246492910384,3.4029128387540575,-0.02177642693235539
1772609210505686500,2.6486865234375,10.140070638227462,3.406970297451317,-0.0038705212904140353
1772609210515684600,2.6586845703125,9.682454296010732,3.5462250388845797,-0.4467993262566626
1772609210525682700,2.6686826171875,9.42661607915759,3.799610017366707,-0.9385413715675472
1772609210535680800,2.6786806640625,9.420226085859536,3.8499376443296667,-0.8626187000989913
1772609210545678600,2.6886787109375,9.309331761991977,3.580945639131963,-0.7854822689265012
1772609210555676700,2.6986767578125,9.14112331327498,3.254284412036836,-0.7502690628565848
1772609210565675800,2.70867578125,9.062707948207855,3.0324998559549448,-0.742388831000775
1772609210575673900,2.718673828125,8.926865645566583,2.7226746128484605,-0.7902721335515379
1772609210585671700,2.728671630859375,8.59034937941134,2.4094334238186477,-0.8356701951578259
1772609210595669800,2.738669677734375,8.221202763286232,2.139281434930861,-0.9414727488443255
1772609210605667600,2.74866748046875,7.91366826146543,1.8947721290826796,-1.2252096840355544
1772609210615665700,2.758665771484375,7.727479919421673,1.8796634072780607,-1.4225770802848041
1772609210625663700,2.768663818359375,7.619769486287236,1.850861675685644,-1.4734931746602058
1772609210635661600,2.77866162109375,7.351298582354188,1.6994304665073752,-1.5350326621197163
1772609210645659600,2.78865966796875,6.8075529396921395,1.5617358139976858,-1.5048023590289055
1772609210655657700,2.79865771484375,6.291426540839672,1.3572837932497261,-1.222767551580444
1772609210665656800,2.80865673828125,5.627988935348391,0.6127893682718276,-0.9680970633324235
1772609210675654700,2.818654541015625,4.19385804926157,-0.7213117023110389,-1.154048747076094
1772609210685652700,2.82865283203125,2.442370940041542,-1.9698877219520508,-1.4611520178727804
1772609210695650800,2.83865087890625,0.21027941172719,-2.766936071640253,-1.5360115901544689
1772609210705648600,2.848648681640625,-3.119964496657252,-3.0493633124724027,-0.39892851786129174
1772609210715646700,2.858646728515625,-9.06042305214107,-3.352494318637252,1.6322313458509743
1772609210725644500,2.86864453125,-17.174362541538475,-4.218898674754798,3.231960644286871
1772609210735642600,2.878642578125,-24.0429845746994,-5.180580683413147,3.4230408500254152
1772609210745640700,2.888640625,-26.48918062598705,-4.413056972764432,2.3789795411050316
1772609210755638500,2.898638427734375,-24.332502942836282,-3.257617648112774,2.4603610625013705
1772609210765636600,2.90863671875,-20.041866773343084,-3.3600597854554652,3.3308711003720757
1772609210775635700,2.9186357421875,-15.79607979940176,-2.681332256373763,3.8943139616727827
1772609210785633800,2.9286337890625,-13.723817598515748,-1.2270029241278766,4.2695542184978725
1772609210795631600,2.938631591796875,-14.98246975262165,-0.33005408440381284,4.518954218997061
1772609210805629700,2.948629638671875,-17.394511020851134,-0.3404147348985076,3.950677946190536
1772609210815627800,2.958627685546875,-17.724471289491653,-0.5185398897349834,2.5321163851574062
1772609210825625600,2.96862548828125,-15.091846657663583,-0.6310185601845383,1.2966542602419853
1772609210835623700,2.978623779296875,-10.593615200960636,-0.893671717749536,0.7051350590139627
1772609210845621500,2.98862158203125,-5.531092741695046,-1.1430953913852573,0.09509681608118116
1772609210855619600,2.99861962890625,-1.2672481330156327,-1.1032840438701212,-0.403915074102208
1772609210865617700,3.00861767578125,1.3668787200689314,-0.6087322018355131,-0.38260742459222674
1772609210875616800,3.01861669921875,2.5401421629637477,0.08281228485181927,-0.11357976355925202
1772609210885614600,3.028614501953125,2.794304555559158,0.5320850154846907,-0.06064027359746396
1772609210895612700,3.03861279296875,2.6148025594115256,0.7151129938013852,-0.2042650468084961
1772609210905610800,3.04861083984375,2.8713690905392166,0.9622254678852855,-0.4173870615504682
1772609210915608600,3.058608642578125,3.589869827082753,1.3275979722991584,-0.6923129868417978
1772609210925606700,3.068606689453125,4.657505488336086,1.6598153722167015,-0.7821379999998956
1772609210935604700,3.078604736328125,5.986707680961489,1.9023294125944374,-0.7746924332343041
1772609210945602600,3.0886025390625,7.348463066667318,2.0291985735766587,-0.8720943844527006
1772609210955600600,3.0986005859375,8.684609963864087,2.119937998165935,-1.0030123824343085
1772609210965598500,3.108598388671875,9.907886853206158,2.2979157073557377,-1.1036412598099559
1772609210975597600,3.11859765625,10.92152964298725,2.4394842786893247,-1.2606801528021692
1772609210985595600,3.128595703125,11.527199534642696,2.4461869911983607,-1.4453982761628925
1772609210995593700,3.13859375,11.915081246376037,2.4141643978632987,-1.7646975961878895
1772609211005591600,3.148591552734375,12.188231832557916,2.5415748261153697,-2.0051064809799195
1772609211015589600,3.158589599609375,12.064340079951286,2.716659590342641,-2.125330504859239
1772609211025587700,3.168587646484375,11.645506765115261,2.7828973186209796,-2.0136594975307585
1772609211035585500,3.17858544921875,11.06009990928769,2.6217256366729735,-1.6247523882724344
1772609211045583600,3.18858349609375,10.518536871361732,2.6990935385137793,-1.5078187842406332
1772609211055581700,3.198581787109375,9.96991163996458,2.8480232862651347,-1.3414739374384284
1772609211065579800,3.208579833984375,9.467724334615468,2.784711382305622,-1.0101723371915519
1772609211075577900,3.218577880859375,8.896136745303869,2.4866078489139674,-0.561536077831313
1772609211085576700,3.22857666015625,8.595093359068036,2.146434667686373,-0.16988569774683565
1772609211095574500,3.238574462890625,8.52492618238628,1.9786156566783786,0.10352784108701162
1772609211105572600,3.248572509765625,8.445339435452222,1.8554370207771658,0.2772371979083866
1772609211115570700,3.25857080078125,8.03349349528551,1.5101190240070224,0.4769183509927243
1772609211125568500,3.268568603515625,7.039181428918242,0.8119814226649701,0.5684469531983137
1772609211135566600,3.278566650390625,5.807001102152467,0.33016748165041204,0.974527169445157
1772609211145564700,3.288564697265625,4.799317513036728,0.20412541914209723,0.7329206723663956
1772609211155562800,3.298562744140625,3.320236309111118,-0.10985358264297246,0.17831928916908799
1772609211165560800,3.308560791015625,-0.15191139391064643,-0.857188491743803,0.10844245546972378
1772609211175559000,3.318558837890625,-4.698480472803116,-1.7182650769673287,-0.10169238755446858
1772609211185557500,3.3285576171875,-8.800189815199374,-2.123358620264381,-0.5191797220084816
1772609211195555600,3.3385556640625,-13.074555233371257,-1.9663786909177898,-1.0313407243613153
1772609211205553700,3.3485537109375,-17.70993189200759,-2.582467685256898,-1.1817715973906218
1772609211215551500,3.358551513671875,-20.95192293192148,-4.125530947488546,-0.2562296821224503
1772609211225549800,3.3685498046875,-22.071848167860505,-4.654825163210928,0.27772976719830184
1772609211235548000,3.3785478515625,-21.047440822958944,-4.456907512667775,1.3707546847194432
1772609211245545700,3.388545654296875,-18.5274126427412,-4.920376672565936,2.998291589143872
1772609211255543800,3.398543701171875,-15.079085375767946,-5.013486333417892,3.96987043017745
1772609211265542000,3.4085419921875,-11.477063923120499,-4.212319296364486,3.9157413651049136
1772609211275539700,3.418539794921875,-9.505522442612051,-3.023280484449863,3.5496053289726373
1772609211285538600,3.42853857421875,-9.857179579275845,-1.5481730064608157,3.2248660098507997
1772609211295536600,3.43853662109375,-11.065972016191482,0.16048194611817598,2.850640775287151
1772609211305534700,3.44853466796875,-10.94460072197318,1.3937737412571907,2.093642550306022
1772609211315532800,3.45853271484375,-9.286710180339217,1.9646702795647084,1.3966422824308276
1772609211325531000,3.46853076171875,-6.306914032828807,1.9561784916818141,0.3554575153274461
1772609211335528700,3.47852880859375,-2.865820224240422,2.1276399508453903,-0.5787704865530133
1772609211345526800,3.48852685546875,0.05708440774679183,2.5875977416217326,-0.5684580591142178
1772609211355524900,3.49852490234375,2.007121327933669,2.67050165027976,-0.2522932559889741
1772609211365522700,3.508522705078125,2.992951981681585,2.3308450402721763,-0.12213398568648844
1772609211375520800,3.518520751953125,3.1093828968882558,1.836143122242391,-0.1529115839291364
1772609211385519600,3.52851953125,2.929540124478936,1.8445785037629305,-0.37299152805022895
1772609211395517700,3.538517578125,2.9858494562000035,1.8232094063892959,-0.7253339435644447
1772609211405515800,3.548515869140625,3.3115205032140014,1.8536361088350415,-0.8300471676442772
1772609211415513900,3.558513916015625,3.9081203687071797,1.8697142601937053,-0.6929418593298643
1772609211425511700,3.56851171875,4.88088988083005,1.751716241800785,-0.3453944960724562
1772609211435509800,3.578509765625,6.067254797360301,1.6707362869426607,0.09433664536364376
1772609211445507800,3.5885078125,7.22591103823185,1.4668566592551766,0.4623228394072503
1772609211455505700,3.598505615234375,8.272239707562328,1.188077565667033,0.5225125927582382
1772609211465503700,3.608503662109375,9.27219299468696,0.8669457695178687,0.21197218711972235
1772609211475501800,3.618501708984375,10.366159028983116,0.5837473981827497,-0.22364501619152724
1772609211485499600,3.628499755859375,11.485817722940444,0.45933746692091226,-0.817080499369651
1772609211495498800,3.638498779296875,12.09771744889617,0.27597061203867196,-0.37699159400444476
1772609211505496800,3.648496826171875,12.463453964316844,0.11741203519850969,-0.05811846350226551
1772609211515494700,3.65849462890625,12.683669079124927,0.07717121022492647,-0.13995430453736335
1772609211525492500,3.668492431640625,12.517973490011691,0.6961946505807339,0.8161290438637137
1772609211535490600,3.678490478515625,12.117143449378013,1.2357349505074322,1.3389239606946706
1772609211545488400,3.68848828125,11.629591403102873,1.5613129124104976,1.1671407222308219
1772609211555486500,3.698486572265625,11.1253220307827,1.8254061857812105,0.5720899858757853
1772609211565484500,3.708484619140625,10.61768347429037,2.110597922890633,-0.1278909417780116
1772609211575482400,3.718482421875,9.50007937477529,2.360797695465386,-0.9712426678817718
1772609211585480400,3.72848046875,8.828226992160081,2.8289500447437166,-1.3041080833792686
1772609211595479600,3.7384794921875,8.204616370144485,3.1268186003357172,-1.0600723133269696
1772609211605477400,3.748477294921875,6.812884363847971,2.92104760594368,-0.8339274431437254
1772609211615475500,3.758475341796875,5.353885578486323,2.6451389532253144,-0.38446006672158833
1772609211625473500,3.7684736328125,4.211509441286325,2.333034951531887,-0.3527877846615389
1772609211635471400,3.778471435546875,2.9555875889271497,1.62161365185529,-0.6045826809406281
1772609211645469400,3.788469482421875,1.301768242254853,0.8933807719789445,-0.7011869059100747
1772609211655467500,3.798467529296875,-1.2134966690838336,0.17517419607639312,-0.36834220440704374
1772609211665465300,3.80846533203125,-5.327933975628018,-1.4799809292443096,-0.15842441080017014
1772609211675463400,3.81846337890625,-11.04311019604206,-2.847735701495409,-0.2675252023144625
1772609211685461500,3.82846142578125,-17.11118858474493,-2.8722797756433485,-0.4353824812399223
1772609211695460600,3.838460693359375,-21.01673238096237,-4.11694373640716,-0.459956000678055
1772609211705458400,3.84845849609375,-20.80035172975063,-4.482323693475127,-0.5194607674395665
1772609211715456500,3.85845654296875,-17.248254291701315,-3.428159215952456,-1.187089431412518
1772609211725454600,3.86845458984375,-13.56124218724966,-3.7924826497048136,-0.7182428893249482
1772609211735452400,3.878452392578125,-11.795623676824569,-5.129697468394041,0.8560197402253746
1772609211745450500,3.888450439453125,-12.036668813693522,-4.660755430042744,2.99616919016242
1772609211755448300,3.8984482421875,-13.376950618737935,-2.406846914456785,4.153659017603099
1772609211765446400,3.9084462890625,-15.342431191772222,-0.17004574714675544,3.5014562150925395
1772609211775444500,3.918444580078125,-16.801983519363404,0.6568776624538004,1.7404186027169226
1772609211785442300,3.9284423828125,-16.718869182825088,0.1957191906508058,0.08578538237847387
1772609211795441400,3.93844140625,-14.945413402903078,-0.1755163605775684,-0.296413826739043
1772609211805439500,3.948439453125,-11.674681421673297,-0.11900967965349554,0.34661307808198033
1772609211815437600,3.9584375,-7.749785859254002,-0.3480982751384377,0.8715340471561998
1772609211825435400,3.968435302734375,-4.111376749929786,-0.4464093770910054,0.938560660789907
1772609211835433500,3.97843359375,-1.3623580277740954,-0.3487037667509168,0.7256883830253035
1772609211845431600,3.988431640625,0.6563222205281257,0.06276186886131763,0.41538164001218975
1772609211855429400,3.998429443359375,1.932597709608078,0.5663314954143017,0.2825738096959889
1772609211865427500,4.008427490234375,2.707033683863282,0.7212336686387658,-0.20606332840211689
1772609211875425300,4.01842529296875,3.5868864273577925,0.5424157092325389,-0.994947149400413
1772609211885423400,4.02842333984375,4.586152901262045,0.5449778148055077,-1.3601821450397371
1772609211895422500,4.03842236328125,5.789009518387913,0.951346419539675,-1.2071623514957726
1772609211905420500,4.048420654296875,6.94966365507841,1.3360793849185109,-0.8042975170988589
1772609211915418400,4.05841845703125,7.9872730113804336,1.563764397215843,-0.4890154698912054
1772609211925416400,4.06841650390625,8.909404807677864,1.665180114120245,-0.3198264857042581
1772609211935414500,4.07841455078125,9.587140403112768,1.6540049323722719,0.00800546567067504
1772609211945412400,4.088412353515625,10.148401244199276,1.7620068957991897,0.3598852321092039
1772609211955410400,4.098410400390625,10.54735380052328,1.8113659699909388,0.6512004205349833
1772609211965408500,4.108408447265625,10.785803660202026,1.5572721125870943,0.7294893096782267
1772609211975406300,4.11840625,10.956773974847794,1.094082500282675,0.4248571051701903
1772609211985404400,4.128404296875,11.287136394548416,0.9458891039818524,0.003438742277026176
1772609211995403500,4.138403564453125,11.47953995784521,1.0968654089994727,-0.08472049309331924
1772609212005401300,4.1484013671875,11.47950254844427,1.3678842438496648,0.02242211355790496
1772609212015399400,4.1583994140625,11.328087998139857,1.4341243102155625,0.0065610024834051725
1772609212025397500,4.1683974609375,11.052206525689362,1.5495232520259916,-0.11840908341184257
1772609212035395300,4.178395263671875,10.638206037837266,1.6918452720753847,-0.15251498582698403
1772609212045393400,4.188393310546875,10.149689530444144,1.8062123866200446,-0.13391727112913504
1772609212055391500,4.1983916015625,9.581926467856764,1.9302061382964253,-0.1699575939392671
1772609212065389300,4.208389404296875,8.838730850517749,2.0971585956029593,-0.2199550573660992
1772609212075387400,4.218387451171875,7.99425512535274,2.2101735648863015,-0.26660996889937666
1772609212085385500,4.228385498046875,7.218968087226152,2.1486196105100213,-0.3036976818705909
1772609212095384300,4.23838427734375,6.296405498296022,1.8095855163149535,-0.3892280483083799
1772609212105382400,4.24838232421875,4.9862061123043295,1.5240895355619488,-0.5441411082530394
1772609212115380500,4.25838037109375,3.5006828926324842,1.2547792581953108,-0.6550712706189602
1772609212125378300,4.26837841796875,2.104364727589488,0.9946418828435242,-1.0181927081704139
1772609212135376400,4.27837646484375,0.8641419641435146,0.7067563766054809,-1.4181415820553898
1772609212145374500,4.28837451171875,0.0811672941237688,-0.13243541680723428,-1.5414061426743864
1772609212155372300,4.298372314453125,-0.43021161794066426,-1.36696069926396,-1.4144599709331989
1772609212165370400,4.308370361328125,-1.8215525790929794,-2.318882069147378,-0.9330072644464671
1772609212175368400,4.318368408203125,-5.9066275975525375,-3.137365713313222,-0.2707627411972731
1772609212185366300,4.3283662109375,-13.080772208189963,-4.342886581212282,0.31667956598065794
1772609212195365400,4.338365478515625,-20.889488979840277,-5.7450604865461585,1.5067524701833723
1772609212205363500,4.348363525390625,-25.743714141106604,-4.873227383378148,2.473961717830598
1772609212215361300,4.358361328125,-26.461104870581625,-2.4781445564731954,2.0174251336745916
1772609212225359400,4.368359375,-23.927606967937944,-1.4521842830412088,2.193242011568695
1772609212235357400,4.378357421875,-20.299037700104712,-1.3599161875799297,3.548246900101006
1772609212245355300,4.388355224609375,-17.326811695587633,-0.7490103680323809,3.9766187353938816
1772609212255353300,4.398353271484375,-15.686480776041746,0.42629196027889843,2.7765564251616595
1772609212265351400,4.408351318359375,-15.033416680526733,0.6491890807125718,1.3608452851235866
1772609212275349500,4.418349609375,-13.940249687653779,-0.2675498435653746,0.7344139796640724
1772609212285347600,4.42834765625,-11.499638158500193,-1.0674722143199293,0.5481636783000081
1772609212295346400,4.438346435546875,-8.215552774700521,-1.3219091130077838,0.438853627949208
1772609212305344300,4.44834423828125,-4.917369307443499,-1.3386787537619471,0.12705803461782633
1772609212315342300,4.45834228515625,-1.8451503123015165,-1.2780968592882156,-0.46342722045257684
1772609212325340400,4.46834033203125,0.7961071233153343,-1.1758545553665607,-0.8712580797590315
1772609212335338200,4.478338134765625,2.4420026912510395,-1.1700706382028758,-0.5999954992808402
1772609212345336300,4.48833642578125,3.668054306003451,-0.4574529683485627,-0.980184610684961
1772609212355334400,4.49833447265625,4.42454019754827,0.25024697271734475,-0.9723599814739078
1772609212365332500,4.50833251953125,5.139413975766301,0.31687954553216696,-1.0664615759726612
1772609212375330600,4.51833056640625,6.183429691979288,0.5167747797586023,-1.1415184974573551
1772609212385328600,4.52832861328125,7.252030398872495,1.1736305226415396,-1.109540620046854
1772609212395327500,4.538327392578125,8.094507059174775,1.805727671843022,-1.1363414601456374
1772609212405325300,4.5483251953125,8.867100620433687,2.2382154180221256,-1.3325664083614945
1772609212415323400,4.558323486328125,9.238259745424985,2.448645636396855,-1.384372145052999
1772609212425321200,4.5683212890625,9.583400047540664,2.8084306960672136,-1.5079010556966066
1772609212435319300,4.5783193359375,9.890175839948654,2.9589620337963103,-1.3398477975413203
1772609212445317600,4.588317626953125,10.351111097455025,2.856682393538952,-1.2285087986461818
1772609212455315500,4.5983154296875,10.8601922539711,2.822318643905222,-1.2510931170284747
1772609212465313500,4.6083134765625,11.2565039403975,2.930488218984008,-1.2438213724598288
1772609212475311600,4.6183115234375,11.35816749458313,3.134897277373075,-1.2699249510094524
1772609212485309400,4.628309326171875,11.405662236207723,3.233642021502554,-1.2988348191514612
1772609212495308300,4.638308349609375,11.430170069998502,3.0873657108694315,-1.2575417086459695
1772609212505306400,4.648306396484375,11.019189222228526,2.8210969931557774,-0.884834842756018
1772609212515304400,4.658304443359375,10.331363609933852,2.696731485557556,-0.2839621953144669
1772609212525303000,4.668302978515625,9.736551212379336,2.6566274387061592,0.2022822024282068
1772609212535300900,4.67830078125,9.233110107576847,2.607900524938106,0.4835867228407412
1772609212545299000,4.688298828125,8.740653922647237,2.429623978932202,0.5454727587155997
1772609212555297000,4.698297119140625,7.465739785048365,2.0905242721550166,0.57003783911895
1772609212565295000,4.708295166015625,7.169135842564701,1.9237623689845202,0.27440442216787486
1772609212575293200,4.718293212890625,6.539365528875589,1.7538240277349948,0.12038177172429859
1772609212585291300,4.728291259765625,5.80302284617126,1.8345264808259902,0.07231171442978084
1772609212595290000,4.7382900390625,4.64940518398881,1.8145562904648482,0.3366128218648955
1772609212605288000,4.748287841796875,3.5696225733458995,1.511827143099159,0.48092064543664453
1772609212615286000,4.7582861328125,2.8035768262952563,0.9605695173718035,0.13882281628940255
1772609212625284000,4.7682841796875,2.380052138772607,0.18553104717880486,-0.48965395045783366
1772609212635282000,4.778281982421875,1.9666350037664173,-0.9678433077670633,-0.9246316502891481
1772609212645280000,4.788280029296875,1.0841174249768257,-2.419783260658383,-0.8616302735835313
1772609212655278000,4.798278076171875,-1.7977344811320304,-3.5723172192573545,-0.45663978880215433
1772609212665276200,4.808276123046875,-7.163817862412333,-4.200301234051585,-0.2306690330768004
1772609212675274200,4.818274169921875,-14.144611399769783,-4.597617713606358,0.19606014957558363
1772609212685272000,4.82827197265625,-21.02810717693567,-5.427735243073106,0.4070642588481307
1772609212695271000,4.83827099609375,-25.57510763298273,-5.509484720999002,0.3362744932886213
1772609212705269000,4.84826904296875,-26.843735237658024,-4.293407972294092,1.157650644025579
1772609212715267000,4.85826708984375,-25.69684951407909,-1.9150462708264588,2.9295559065699575
1772609212725265200,4.86826513671875,-23.704850351953507,0.8762725469201803,4.822209728324413
1772609212735263200,4.87826318359375,-22.668226499557495,2.4009037881433963,5.885263322484493
1772609212745261300,4.88826123046875,-22.14181543805599,1.467990777851641,5.248038601136208
1772609212755259100,4.898259033203125,-20.308995615017412,-0.5710181188605725,3.892880713999271
1772609212765257200,4.90825732421875,-16.227560998886823,-1.8620541008293627,2.9722011623367663
1772609212775255000,4.918255126953125,-10.900282272297144,-2.3537670661762355,2.5714953326046466
1772609212785253000,4.928253173828125,-5.693376476538181,-2.4565847588330505,2.1965609268583357
1772609212795252000,4.938251953125,-1.4738275211811065,-2.2181024581894278,1.3905422119900583
1772609212805250000,4.94825,0.9879957228273153,-1.8164000186353921,0.19464885800555348
1772609212815248100,4.958248046875,1.9237188221037387,-1.2737100225061178,-0.6570839256156236
1772609212825246200,4.96824609375,2.347497192126512,-0.5423327071242035,-1.2025811611853539
1772609212835244300,4.978244384765625,2.9652842225551606,-0.0011493892308324575,-1.1692917627848685
1772609212845242000,4.9882421875,4.1235307135820385,0.3982546371877193,-0.9720826258372515
1772609212855240200,4.998240234375,5.70814792921245,0.9132358115278184,-0.8973288520175963
1772609212865238300,5.00823828125,7.400350490292906,1.5452167870037257,-0.9641163961984217
1772609212875236000,5.018236083984375,8.982892068693042,2.0433808281861245,-1.049699534003064
1772609212885234200,5.028234130859375,10.276245533823966,2.292538398231566,-1.0029187128014863
1772609212895233300,5.0382333984375,11.305146683013438,2.4276645154275,-0.8362922725789248
1772609212905231000,5.048231201171875,11.998942601889372,2.6173972520798445,-0.6065489395122975
1772609212915229200,5.058229248046875,12.438560346078871,2.9040581849589944,-0.499128977224417
1772609212925227300,5.068227294921875,12.699633540976047,2.95378696924597,-0.6219687000274657
1772609212935225000,5.07822509765625,12.795831815493106,3.0974639110356565,-0.22669603779260067
1772609212945223200,5.08822314453125,12.539052518397568,3.15141177432239,0.019753588468395172
1772609212955221200,5.09822119140625,12.243231835246085,3.070477996693551,0.15861034356001763
1772609212965219000,5.108218994140625,11.920965043717622,2.9821716444700956,0.280959177573584
1772609212975217200,5.118217041015625,11.59962881103754,2.838075015963614,0.5947548586810008
1772609212985215200,5.12821533203125,11.19352404487133,2.6496082075938583,0.8671119198650121
1772609212995214000,5.138214111328125,10.72598602809906,2.7097110863789915,0.7315064947195351
1772609213005212200,5.148212158203125,10.128265634143352,2.7341578376322984,0.509346237193048
1772609213015210200,5.158210205078125,8.838764752787352,2.531267951634526,0.3494198060657829
1772609213025208000,5.1682080078125,8.130260509601236,2.732784211191535,-0.3039440030481666
1772609213035206100,5.1782060546875,7.374822665804624,2.979050882101059,-0.7930729432512075
1772609213045204200,5.188204345703125,6.837050252333283,2.9359812634423372,-1.2000305999197065
1772609213055202000,5.1982021484375,6.410587757793069,2.6515187173902985,-1.460583862596005
1772609213065200000,5.2082001953125,5.838951068642735,2.1577220776371657,-1.6528323814615606
1772609213075198200,5.2181982421875,5.002769124570489,1.7508832981079816,-1.939457804635912
1772609213085197000,5.228197021484375,3.462471527659893,1.4891985471837221,-2.1157126355558633
1772609213095195100,5.238195068359375,1.3296832541406154,1.0323673639953135,-1.955883892649412
1772609213105193200,5.248193115234375,-1.1308400131851435,0.1974183227188885,-1.6506325333297251
1772609213115191000,5.25819091796875,-3.4982413446992635,-1.0751065816558898,-1.2964315574020147
1772609213125189000,5.268189208984375,-5.921418339449167,-2.228766913936287,-1.1865635809075086
1772609213135187200,5.278187255859375,-8.249204284411668,-3.0883816099137067,-0.8341219428025186
1772609213145185000,5.28818505859375,-11.445769790190457,-4.280793989914655,0.35502953570634127
1772609213155183000,5.29818310546875,-14.155242683899402,-5.063687411391735,1.8888259340293705
1772609213165181200,5.30818115234375,-15.67643868997693,-5.248678652605414,2.930092205403745
1772609213175179000,5.318178955078125,-15.972995870709418,-5.291586066439748,2.482183310469985
1772609213185176000,5.328176025390625,-15.45478214418888,-5.283621955692768,2.359415301196277
1772609213195174000,5.338173828125,-15.030789839154481,-4.9266696352303025,3.3412241520822046
1772609213205172000,5.348171875,-14.387113165187834,-4.047238624279201,4.72838811981082
1772609213215170000,5.358170166015625,-13.198429450321196,-2.333126429207623,5.5929193755328654
1772609213225168000,5.36816796875,-13.018808211708068,0.0028324469469487665,5.733852279311418
1772609213235167000,5.3781669921875,-14.24793499612212,1.9802615241892634,4.654708258832991
1772609213245165000,5.3881650390625,-15.54643050031662,2.293026766270399,1.99290809366405
1772609213255163100,5.3981630859375,-15.06814663312435,1.3464911810785531,-0.32092874785773456
1772609213265161000,5.408160888671875,-12.094253572177886,0.35420784405991435,-1.2468017034448682
1772609213275159000,5.418158935546875,-7.974136466431617,-0.36387393641918897,-1.1874269197385758
1772609213285156900,5.428156982421875,-4.064179529947042,-1.1085829539958387,-1.2748854960262774
1772609213295155000,5.438155029296875,-1.0806354280799626,-1.554721259060502,-1.4435320438995956
1772609213305153000,5.448153076171875,0.9679647421896457,-1.3463260536447166,-1.2527569585874676
1772609213315151000,5.458151123046875,2.38823369166255,-1.0319117291823028,-0.9008796033017337
1772609213325149200,5.468149169921875,3.31445188049078,-0.865773072476685,-0.49975580388586965
1772609213335148000,5.47814794921875,4.3345600668936966,-0.4282473321303725,-0.24028840021751818
1772609213345146000,5.48814599609375,5.567518392294645,0.6709922586545348,-0.30095168936438854
1772609213355144000,5.49814404296875,6.5183046206682915,1.6097269608370959,-0.17592786398790775
1772609213365142000,5.50814208984375,7.34008511442244,2.195439521612972,-0.23665603506453334
1772609213375140000,5.51814013671875,8.22760561606586,2.7577438804030416,-0.3413787576250732
1772609213385138000,5.528137939453125,8.908071513247489,3.3281916520297528,-0.32708851259648797
1772609213395136000,5.538135986328125,9.2453207698524,3.729693308314681,-0.31025625493489206
1772609213405134000,5.548134033203125,9.780512519180775,3.9173897168338296,-0.5023293441683053
1772609213415132200,5.558132080078125,10.359205556583404,3.9154689779043195,-0.8351848958589136
1772609213425131000,5.568131103515625,10.764751519823074,3.841339911854267,-0.9401486606337129
1772609213435129000,5.578129150390625,10.951922443163394,3.7363907601267097,-0.734274205867201
1772609213445127000,5.588126953125,11.183275038057564,3.4095021540164945,-0.633134967816621
1772609213455125000,5.598125,11.296315726304053,2.9937489772781727,-0.6587425064776092
1772609213465123000,5.608123046875,11.162605174994468,2.695604819615185,-0.6419103949464857
1772609213475121000,5.618120849609375,10.76835685083866,2.566415545122325,-0.6388411435689777
1772609213485119200,5.628119140625,10.295394470930098,2.561997436419129,-0.6913492563761771
1772609213495117300,5.638117431640625,9.613016602647305,2.531622464160621,-0.6756604696612805
1772609213505115100,5.648115234375,8.140721113339065,2.2298278211660683,-0.44346232732106
1772609213515113200,5.65811328125,7.695171056491136,1.8775201116390525,-0.9254528304789215
1772609213525112000,5.668112060546875,7.2443988810807465,1.6623726554840803,-1.402206638559699
1772609213535109600,5.678109619140625,6.694522772839665,1.3383701262041925,-1.6967958802200853
1772609213545107500,5.688107421875,6.21392010731101,0.906227686331421,-1.3838377459153532
1772609213555106300,5.698106201171875,5.314024692741036,0.35551439661383627,-0.7613716177597641
1772609213565104400,5.7081044921875,4.212368103942275,-0.2585257023714483,-0.29181356640197337
1772609213575102500,5.7181025390625,3.2152836502522226,-0.7363873986288905,-0.1184955926515162
1772609213585100300,5.728100341796875,2.239949256077409,-1.0800525136254726,-0.16257727442961184
1772609213595098400,5.738098388671875,1.0048457353413105,-1.4671670403786004,-0.12424151589237153
1772609213605096400,5.748096435546875,-0.7815835079222917,-1.9263322194725274,-0.033059389036893844
1772609213615094500,5.758094482421875,-2.9300702858328815,-2.290158225096762,0.3601260551277548
1772609213625092600,5.768092529296875,-5.290011364468932,-2.5559914740025995,0.7309208037860692
1772609213635090400,5.77809033203125,-8.33946673913896,-3.0002772100031376,0.6951283365234732
1772609213645089300,5.78808935546875,-12.248113762068748,-4.027686659330129,0.30732034761346877
1772609213655087400,5.79808740234375,-16.159161416399478,-5.110796953091025,0.5468227850850671
1772609213665085400,5.80808544921875,-18.86917791546583,-4.950307700449228,1.6851356914341449
1772609213675083500,5.81808349609375,-20.461813017857075,-3.6593782475948333,2.228725266751647
1772609213685081600,5.82808154296875,-20.64414409995079,-2.7416569612160324,2.3234268729701637
1772609213695079700,5.83807958984375,-19.815577307057378,-1.6129108515702186,2.672057355289161
1772609213705077500,5.848077392578125,-18.835694163537024,0.20111008990891277,3.129476421368122
1772609213715075600,5.85807568359375,-18.373562974244354,1.6117293867006897,3.3307974506139755
1772609213725073400,5.868073486328125,-17.69898613510132,1.3867369744881988,3.030358752273023
1772609213735071500,5.878071533203125,-15.479339077818393,0.2014903213981539,2.654356571164727
1772609213745070300,5.8880703125,-11.20103865828514,-0.6511002480961382,2.363452886149287
1772609213755068400,5.898068359375,-6.5079287726044655,-1.193309036579728,1.7497732910394668
1772609213765066500,5.90806640625,-2.6650667657494544,-1.6903186470299958,0.7760192248586565
1772609213775064600,5.918064697265625,0.015486322945356368,-1.9798495823875069,-0.32595819339230653
1772609213785062700,5.928062744140625,1.563949106132984,-1.8729688780754803,-1.0433896202038973
1772609213795060500,5.938060546875,2.1501573414713144,-1.5437603045850992,-1.2420087700799107
1772609213805058600,5.94805859375,2.06965347969234,-1.1684561156783253,-1.020907081695646
1772609213815056600,5.958056640625,2.1489725156009194,-0.7578053035803138,-0.8233646211404353
1772609213825054500,5.968054443359375,2.939501546522975,-0.14454473760016262,-0.7622106989324092
1772609213835053600,5.978053466796875,4.1958612057775255,0.7807020489126444,-0.6350663012053818
1772609213845051600,5.9880517578125,5.575301885777711,1.7825284364327787,-0.5619874748606234
1772609213855049500,5.998049560546875,6.7428031118839975,2.3989584992945194,-0.6459698994703591
1772609213865047600,6.008047607421875,7.774497691184282,2.5091373683691023,-0.8385435586370528
1772609213875045600,6.018045654296875,8.87284237895608,2.381417143515497,-1.1121467839572579
1772609213885043500,6.02804345703125,9.981876803046465,2.3749068848386408,-1.0093947038825601
1772609213895041500,6.03804150390625,10.994295603990555,2.5540821332499384,-0.6318851869512349
1772609213905039600,6.04803955078125,11.739189257419108,2.72904444014132,-0.3385650884438306
1772609213915037400,6.058037353515625,12.208277426242828,2.983619505190849,0.17637356192879378
1772609213925035500,6.068035400390625,12.32789398574829,3.0675609402030704,0.46444903778098523
1772609213935034600,6.07803466796875,12.19714111520052,3.0450165154397486,0.49241881206128746
1772609213945032400,6.088032470703125,11.920608485364912,2.8083319118678567,0.4299364542610943
1772609213955030500,6.098030517578125,11.53275015450716,2.4452872658796605,0.3018554332710802
1772609213965028600,6.108028564453125,11.107835473930836,2.072926217752695,0.020476020991429686
1772609213975026400,6.1180263671875,10.676334400701522,1.8326082261145114,-0.18836568608283996
1772609213985024500,6.1280244140625,10.059214894270896,1.8198912217520176,-0.10126016101650893
1772609213995022600,6.138022705078125,9.188758340153097,1.8573805560603738,0.053098626046255225
1772609214005020400,6.1480205078125,8.144142904481292,1.737181082100421,0.2133510011922568
1772609214015018500,6.1580185546875,7.077040911713242,1.5312887994162738,0.3043049453150481
1772609214025016600,6.1680166015625,6.245467338219284,1.338190093462169,0.17784889517836272
1772609214035015400,6.178015380859375,5.709764716759324,0.9721702310554683,-0.188255138380453
1772609214045013500,6.188013427734375,5.642863848397136,0.5652637931175529,-0.7721537085369229
1772609214055011600,6.198011474609375,5.802960302329063,0.3152110277980566,-1.0876628424987196
1772609214065009400,6.208009521484375,5.7738540348321195,0.30444296554625033,-0.9990130105998366
1772609214075007500,6.218007568359375,5.24680175281763,0.43785146516934037,-0.9836894039355217
1772609214085005600,6.228005615234375,4.2681969586700195,0.5228960391178726,-1.5684695061668752
1772609214095003400,6.23800341796875,3.147636347436905,0.3270866129003465,-2.496560210868716
1772609214105001500,6.24800146484375,1.8731530024707317,-0.36661066790670155,-2.818725295588374
1772609214114999600,6.25799951171875,-0.07033434994220733,-1.43502871170938,-1.9263420102141797
1772609214124998700,6.26799853515625,-3.4770828213363885,-2.63407833776772,-0.28750096389986574
1772609214134996500,6.27799658203125,-9.522675237464904,-3.680466043809056,1.3638719394683838
1772609214144994600,6.28799462890625,-17.5345648037076,-4.574452526596188,2.758093424493074
1772609214154992400,6.297992431640625,-24.954212115144728,-3.3314141212075947,2.7431284950733184
1772609214164990500,6.307990478515625,-29.126162283980843,-0.17506372143924234,1.5541967967949806
1772609214174988500,6.317988525390625,-29.152332498025892,1.0191515432652085,1.559727104523778
1772609214184986400,6.327986328125,-25.641523348176477,0.6686528559215367,3.238639099137485
1772609214194984400,6.337984375,-20.811422574341297,0.5579408298183233,4.441313053172826
1772609214204982500,6.347982421875,-16.795637949728963,0.5716808936182409,4.239519145718217
1772609214214981600,6.357981689453125,-14.082620515280961,-0.31851730280183255,3.6748715848028657
1772609214224979500,6.3679794921875,-12.447449754977226,-2.2859274556592104,2.696328749975562
1772609214234977500,6.3779775390625,-11.118153454327583,-3.7777325320795176,1.2283338804706931
1772609214244975600,6.3879755859375,-9.503057513803244,-3.9847146558269855,0.11476298199445009
1772609214254973400,6.397973388671875,-7.842718409973383,-3.4239611797407266,-0.39293088488169015
1772609214264971500,6.407971435546875,-6.171969555810094,-2.4689126177474856,-0.7113247804995626
1772609214274969300,6.41796923828125,-4.284835958781838,-1.6235982498012482,-0.98923878169097
1772609214284967400,6.427967529296875,-2.266959428077936,-1.171226895565912,-1.0772351911824196
1772609214294965500,6.437965576171875,-0.4495113616943359,-0.7741224513266235,-0.8496290162749588
1772609214304963300,6.44796337890625,1.0108955368995667,-0.2741028454054147,-0.3183469146709889
1772609214314962400,6.45796240234375,2.4829782602399586,0.2208167339630425,0.1647393113017082
1772609214324960500,6.46796044921875,3.991720442935824,0.8542069917149842,0.33264877707213164
1772609214334958600,6.47795849609375,5.548688604140281,1.587918010741472,0.3465137093607336
1772609214344956400,6.487956298828125,6.991989469632506,2.1725965522944928,0.4049062405640259
1772609214354954500,6.49795458984375,8.15841283737421,2.6383985390543936,0.276913665042445
1772609214364952600,6.50795263671875,9.14845087968409,3.075932462707162,0.09729553170185536
1772609214374950400,6.517950439453125,10.04803649765253,3.448734970991313,-0.010489711101306603
1772609214384948500,6.527948486328125,10.735506720638275,3.6825557095646855,-0.07272330003851094
1772609214394946300,6.5379462890625,11.353162818163632,3.900748378634453,-0.0984461630417034
1772609214404945400,6.5479453125,11.627611042940616,4.056943148952723,0.0206666755921673
1772609214414943500,6.557943603515625,11.580634187710285,3.986396033042669,0.08733679480524734
1772609214424941600,6.567941650390625,11.47327388318777,3.652416299627721,-0.1112755417374894
1772609214434939400,6.577939453125,11.359447597521543,3.206572520530224,-0.2826048624213785
1772609214444937500,6.5879375,11.207073262274264,2.7231746713250873,-0.2213025995175354
1772609214454935600,6.597935546875,10.86692360805273,2.3195196363985535,0.11822550700586289
1772609214464933400,6.607933349609375,10.260395638263224,1.9492979383878408,0.46067488953713326
1772609214474931500,6.617931396484375,9.569099134987592,1.617285413392633,0.6505592000219971
1772609214484929500,6.627929443359375,9.05302066693008,1.4362510931111871,0.6429287782087921
1772609214494927400,6.63792724609375,8.605694832581282,1.1512472797892987,0.1221313005390577
1772609214504926500,6.647926513671875,8.280518291085958,1.087271358963102,-0.14417387672746554
1772609214514924500,6.657924560546875,8.12834912302196,1.0965538588322699,-0.24159856950063258
1772609214524922400,6.66792236328125,7.9724811004400244,0.9362247651882469,-0.5122738150775432
1772609214534919700,6.677919677734375,7.846164166513085,0.6560127161875366,-0.7957564832467585
1772609214544917800,6.687917724609375,7.92482093912065,0.43045361000299454,-1.169173762428388
1772609214554915800,6.697915771484375,8.226398578363657,0.240430073710531,-1.5358394484579563
1772609214564913700,6.70791357421875,8.364690612244605,0.23847075633630155,-1.7513579298824071
1772609214574911700,6.717911865234375,7.438354934516549,0.1835378275349736,-1.4287170443445443
1772609214584909800,6.727909912109375,6.53272477568686,-0.09697568863034248,-0.7757805207319557
1772609214594908700,6.73790869140625,5.5450142995417115,-0.28268165398463607,-0.494130730545707
1772609214604906800,6.74790673828125,3.5899206804871557,-0.4119377101033926,-0.5781333576932549
1772609214614904800,6.75790478515625,0.866804461351037,-0.620461218073964,-0.7185316431384533
1772609214624902700,6.767902587890625,-3.3882892701178786,-0.9657923665866255,-0.09189303333749994
1772609214634900700,6.777900634765625,-9.390395595741271,-1.4981297493971883,0.7165750291779637
1772609214644898800,6.78789892578125,-17.899630287998914,-2.537279174748063,1.492069864836335
1772609214654896600,6.797896728515625,-26.051305926072597,-3.6878821652844547,3.407819315496087
1772609214664894700,6.807894775390625,-30.050013159155842,-3.00012348074615,4.535699602092802
1772609214674892800,6.817892822265625,-29.947805999612807,-1.1775290644500405,2.399963584683835
1772609214684892000,6.827891845703125,-26.11021404211521,-1.6140326952069997,0.6196066470712422
1772609214694889700,6.8378896484375,-21.584766077184675,-2.381353576759994,1.5822523861952125
1772609214704887800,6.8478876953125,-17.376325375819206,-2.3582304753258825,3.128113608582318
1772609214714885600,6.8578857421875,-13.865400490635633,-1.563911258340627,3.4507232221990822
1772609214724883700,6.8678837890625,-11.126481722211837,-1.2413500139102338,2.7921646209210156
1772609214734881800,6.8778818359375,-8.62091578258872,-1.6179174276858568,2.238189552928507
1772609214744879600,6.887879638671875,-6.402315604010224,-2.040666600791365,1.707560289210081
1772609214754877700,6.897877685546875,-4.544578781858086,-1.9334373753026126,1.233173721717298
1772609214764875800,6.907875732421875,-3.2949995765239,-1.2398295263446866,0.9158855223190039
1772609214774873900,6.917873779296875,-2.7585832538366315,-0.46054435849264264,0.5131307241678238
1772609214784872700,6.927872802734375,-2.506069797492027,0.05721687502004206,-0.03671849606633186
1772609214794870800,6.937870849609375,-2.231968194195628,0.535840239832364,-0.17307079405635595
1772609214804868900,6.947868896484375,-1.5407248824119566,0.9315230172380804,0.09546265371888875
1772609214814866700,6.95786669921875,-0.1860147390425205,1.074771577547863,0.3360688146486878
1772609214824864800,6.96786474609375,1.7385796968519687,1.0617029102034867,0.4581538100942969
1772609214834862600,6.977862548828125,3.751815123751759,1.039257708030939,0.4094039538420737
1772609214844860700,6.987860595703125,5.338830632695555,1.1250384872995316,0.41121787139624355
1772609214854858800,6.997858642578125,6.429271415475011,1.25045861851722,0.6193403242852539
1772609214864856800,7.00785693359375,7.237898997667432,1.3161319909110665,0.6946691945791245
1772609214874855700,7.017855712890625,7.946942170035839,1.4244070721909403,0.3181445239666849
1772609214884853800,7.027853759765625,8.52997586699128,1.6368357709065078,0.09520502569600939
1772609214894851800,7.037851806640625,8.978446195200085,1.810264584620297,0.07963964616507291
1772609214904849700,7.047849609375,9.35785584666431,1.8327711615912614,-0.002188888346403837
1772609214914847700,7.05784765625,9.787018247812986,1.7348269201897084,-0.25494842840656634
1772609214924845800,7.067845703125,10.224461570572853,1.585366864953935,-0.5147753495696932
1772609214934844000,7.077843994140625,10.567995606535673,1.4602520002931356,-0.592949672422558
1772609214944842000,7.087842041015625,10.820773266774415,1.5033525986120104,-0.816315944737941
1772609214954840000,7.097840087890625,10.759018529129028,1.8303325362674892,-0.6342015741348266
1772609214964838700,7.107838623046875,10.345639972567557,1.9759958295688032,0.2543410370979458
1772609214974836700,7.117836669921875,9.891923560398816,1.8673240040563046,0.3092854371413588
1772609214984834800,7.127834716796875,9.425954400378465,1.7813965097934006,-0.1547809945302084
1772609214994832600,7.13783251953125,9.00055398211181,1.9564977867640554,-0.2317464895825833
1772609215004830700,7.147830810546875,8.490042500531674,2.0573462251745163,-0.246080573752895
1772609215014828800,7.157828857421875,7.942711985120177,1.998915517385304,-0.25311741358712314
1772609215024827000,7.167826904296875,7.437343711647391,1.887924016753584,-0.24928989118821918
1772609215034825000,7.177824951171875,7.038375373232364,1.7138357162177562,-0.3626683600217104
1772609215044823000,7.187822998046875,6.7565522357732055,1.3689138791583477,-0.5151438540885225
1772609215054821600,7.197821533203125,6.42192455984354,1.0304420950211584,-0.6268659705497324
1772609215064819700,7.20781982421875,5.806847372895479,0.844206991226226,-0.7709183215230703
1772609215074817800,7.21781787109375,5.000176769989729,0.8465133684724568,-0.997680592952296
1772609215084815600,7.227815673828125,3.939867506101727,0.8242547749131918,-1.2952001159109174
1772609215094813700,7.237813720703125,2.4572446840465068,0.6467554968900978,-1.704356963124126
1772609215104812000,7.24781201171875,0.5771545757889748,0.1908550186805427,-2.022954856881499
1772609215114809900,7.257809814453125,-1.651762998664379,-0.46140521310567856,-2.1816974119864403
1772609215124808000,7.267807861328125,-3.9496114860028024,-1.269080901400745,-2.083336844868958
1772609215134806000,7.277805908203125,-5.605157510337233,-2.0715064140826462,-1.5891852541983127
1772609215144803800,7.287803955078125,-7.264263857501745,-2.447009559627622,-0.4847941989343613
1772609215154802700,7.297802734375,-9.91043536864519,-2.6882968346893787,1.667932627698779
1772609215164800800,7.30780078125,-13.525250836414099,-2.5627877100139855,3.9651615218341347
1772609215174798800,7.317798828125,-16.94327999575734,-1.2840488995604216,4.520466669386625
1772609215184797000,7.327796875,-18.942967958819864,-0.6334310281537473,4.0015836653023955
1772609215194795000,7.337794921875,-18.81423753401041,-0.6548182457059621,3.6597649088248607
1772609215204792800,7.347792724609375,-17.24699873868227,-0.1072736491523683,3.059855772653222
1772609215214791000,7.357791015625,-15.501038868451117,0.28657325459569694,1.636227283619344
1772609215224789000,7.3677890625,-14.564812495827674,-0.17764058618992565,0.22709895603768526
1772609215234786800,7.377786865234375,-14.274164831399917,-1.4330555119402706,-0.12066760292835534
1772609215244785700,7.38778564453125,-13.721388325542211,-2.784358915606141,-0.5845134871844202
1772609215254783700,7.39778369140625,-12.060318569350242,-3.3310219070196148,-1.483455473487079
1772609215264781800,7.40778173828125,-9.705851538211107,-3.7624455310985443,-2.1861308643892405
1772609215274780000,7.41777978515625,-6.963053882527351,-4.0185827308982605,-2.790864059716463
1772609215284778000,7.427778076171875,-3.8970647216856475,-3.4469130162611603,-2.9184836006745694
1772609215294775800,7.43777587890625,-0.9938052858889103,-2.6316122399151323,-2.5454747561633586
1772609215304774000,7.44777392578125,1.3386299461841582,-1.8736276342451572,-1.7001858149193225
1772609215314772000,7.45777197265625,2.610025262007117,-0.9629092854309826,-0.7955935477700083
1772609215324769800,7.467769775390625,2.6780051577776667,-0.0798657100059092,-0.18531020750235766
1772609215334769000,7.477768798828125,2.27767546788156,0.4455835937913507,0.27279958078712224
1772609215344767000,7.48776708984375,2.077462107616663,0.8010115542307495,0.6005454247811809
1772609215354765000,7.49776513671875,2.4578385582864284,1.110815023896843,0.69510159464702
1772609215364763000,7.507762939453125,3.383309143617749,1.3780232144176958,0.6040340340819209
1772609215374761000,7.517760986328125,4.6208986359506845,1.4763094011247158,0.439039396312274
1772609215384758800,7.5277587890625,5.913371226593852,1.5061616646833718,0.41300201486665755
1772609215394756900,7.5377568359375,7.185186813655495,1.6736458907790481,0.294813369272463
1772609215404755000,7.5477548828125,8.584458567807078,1.9864519032619892,0.0562071362884948
1772609215414752800,7.557752685546875,9.746954532971978,2.3755181486047805,-0.09369893198199569
1772609215424751900,7.567751953125,9.912177243876457,2.4059715929269787,-0.3583666442397982
1772609215434750000,7.57775,10.433813930583,2.9195962380915876,0.04221270500186365
1772609215444748000,7.587748046875,10.541010568976402,3.3257249696552753,0.03139109049849212
1772609215454745900,7.597745849609375,10.643154600155352,3.8681946010321377,0.3923381066203117
1772609215464744000,7.607743896484375,10.610236665415764,3.6217198403298854,0.10246579221291467
1772609215474742000,7.617741943359375,10.804877778506278,3.3867601608544584,0.3365920348051935
1772609215484739800,7.62773974609375,10.80034422672987,3.2076790204674004,1.1032228882674127
1772609215494738000,7.637738037109375,10.779887129634618,2.8287337716445324,1.6190075610101222
1772609215504735700,7.64773583984375,10.885322019052506,2.3292142241999505,1.726894812016189
1772609215514734800,7.65773486328125,10.673065754294395,1.9667583378851412,1.8519808889739213
1772609215524733000,7.66773291015625,10.055731143808364,1.8756351746752857,2.121918650589138
1772609215534731800,7.677731689453125,9.275615370351076,1.8293141530051826,2.01285402636677
1772609215544729900,7.687729736328125,8.187168976259231,1.2860571706429123,1.4336932253219186
1772609215554728000,7.69772802734375,6.856025586438179,0.8715086935192347,0.5759139646107331
1772609215564725800,7.707725830078125,5.455593556335568,1.4745999668583274,0.06177388073727488
1772609215574723800,7.717723876953125,2.6472142981946467,2.0617070507325232,0.19710121959373353
1772609215584722000,7.727721923828125,-1.702580747231841,1.3986026227183639,-0.007026537635922431
1772609215594720000,7.737719970703125,-2.0586983704358337,0.04479045110195875,-0.23904797170236705
1772609215604718800,7.74771875,-3.664567048409581,-1.327933341733366,-2.07550921998322
1772609215614717000,7.757717041015625,-4.3175586632102725,-2.2076510606713593,-2.740400823675096
1772609215624714800,7.76771484375,-4.737064762741327,-2.6460154437988996,-2.136687034523487
1772609215634712800,7.777712890625,-5.293725416556001,-3.415547863921523,-1.7912302138045428
1772609215644711000,7.7877109375,-6.822610808092356,-4.449432646742463,-1.5311720411688088
1772609215654708700,7.797708740234375,-9.141857472768425,-4.974208215996622,-0.22738175503443925
1772609215664707000,7.80770703125,-11.517290719568729,-4.661822474752366,0.9702772569157183
1772609215674705200,7.817705078125,-13.528796546196936,-4.205751316151023,0.4198701105378568
1772609215684703000,7.827702880859375,-15.064336719447374,-4.662078203079104,-0.57115102452524
1772609215694701800,7.837701904296875,-15.591370881283282,-4.235549657565355,0.2819232368327677
1772609215704700000,7.847699951171875,-15.285649566364288,-1.7873868362493812,1.9961837543338536
1772609215714697700,7.85769775390625,-14.815764109683036,1.0855182316854595,2.9841566808074713
1772609215724695800,7.86769580078125,-14.269472289669514,1.9895831870250402,3.6125188812643287
1772609215734694000,7.87769384765625,-13.423051860177516,0.281805163411051,3.925287192085385
1772609215744692000,7.88769189453125,-11.987676526987553,-1.82248372246325,3.565659514933824
1772609215754690000,7.89768994140625,-9.227156752130389,-2.897003298011422,2.7272540495932103
1772609215764688100,7.907688232421875,-5.961048339048028,-3.356523720283806,2.0136200423032045
1772609215774686000,7.91768603515625,-2.9834990936815737,-3.307369813275337,1.7554542592853306
1772609215784684800,7.927684814453125,-0.641772886171937,-2.960051874859631,1.5994107340060173
1772609215794683000,7.937682861328125,0.9417653020501137,-2.493436525890231,1.5287462753266094
1772609215804681000,7.947680908203125,1.3354390411883592,-2.0316275542892512,1.6152800649195909
1772609215814678800,7.9576787109375,0.4552934522271156,-1.456965672098845,1.5049385526292025
1772609215824676900,7.9676767578125,-0.7679635633707046,-0.6573774286694825,1.0159489478316157
1772609215834675000,7.977675048828125,-1.361183723297715,0.0724653706215322,0.6465912462390959
1772609215844673000,7.987673095703125,-1.26633920147717,0.6214600198529661,0.6083310006234794
1772609215854671000,7.997671142578125,-0.3782745099544525,1.1933170737557113,0.7246800097003578
1772609215864669000,8.0076689453125,0.9977227515935897,1.6841149700842797,0.5963577638329938
1772609215874667800,8.017667724609375,2.674976165345311,2.0536646140523254,0.43575880373902615
1772609215884665900,8.027665771484376,4.5396120993614195,2.2375464327193795,0.30541281522540376
1772609215894664000,8.037663818359375,6.331266968318819,2.456094052706659,0.09930370231964625
1772609215904662000,8.047662109375,7.993876355168223,2.8647599015325307,0.01965369915734045
1772609215914660000,8.05766015625,9.319337023177743,3.1691426613241434,0.07061121695509645
1772609215924658200,8.067658203125,10.275684392809866,3.3080569187566637,0.09492376106921582
1772609215934656000,8.077656005859374,10.947470724451541,3.30144305357486,-0.04651953991688788
1772609215944654000,8.087654052734376,11.293697068238258,3.2514994574934244,-0.07412366835572756
1772609215954652000,8.09765185546875,11.359352904975413,3.1517697939798235,0.009488068911246955
1772609215964650800,8.107650634765625,11.221229213398694,2.852093896704912,-0.06833926713485271
1772609215974648800,8.11764892578125,11.434244187569618,3.205753605362773,0.23338245675396171
1772609215984647000,8.12764697265625,11.44554182665348,3.0771549902394413,0.17116072265133261
1772609215994645000,8.13764501953125,11.110388665544987,2.5908111507102847,-0.204288920874428
1772609216004643000,8.14764306640625,10.775604922270775,2.533870243087411,-0.25089378272090107
1772609216014641200,8.15764111328125,10.487522139894962,2.5788287442326543,-0.46952615838218476
1772609216024639000,8.167638916015624,10.034489618337155,2.3433092389173806,-0.7898099228672683
1772609216034637000,8.177636962890626,9.4100548204571,2.143696182633191,-1.026918012548238
1772609216044635100,8.18763525390625,8.473265553253889,1.9657653813250362,-1.0962747496299445
1772609216054633700,8.1976337890625,7.325731010377407,1.5543134089119732,-1.1014162041716278
1772609216064632000,8.207632080078126,5.787443584245443,1.0228190527968108,-1.2258550692670047
1772609216074630100,8.217630126953125,4.168201629957556,0.598529810642451,-1.4360931260704994
1772609216084628000,8.2276279296875,2.9309622662365435,0.27998861550837756,-1.4970412235081194
1772609216094626000,8.2376259765625,2.0712351959258317,-0.05005144037008285,-1.2041665306806564
1772609216104624000,8.2476240234375,1.7007815888553857,-0.2051398568816483,-0.5680094385638833
1772609216114622000,8.2576220703125,1.6440291895419359,-0.053716977140307424,0.15711864369753747
1772609216124620000,8.2676201171875,1.196977495959401,0.009864683671295641,0.5445601008500903
1772609216134618000,8.2776181640625,-0.39527942076921463,-0.21671733582019806,0.9710305595010519
1772609216144617000,8.287616943359374,-3.410962289696932,-0.8368472761131822,1.431641991880536
1772609216154615000,8.297614990234376,-7.571909418481588,-1.8215163387358189,1.6261854898154735
1772609216164613000,8.307613037109375,-11.8477127605021,-2.739747328202426,1.6689615323551
1772609216174611000,8.31761083984375,-14.412142392504215,-2.8246792355567214,1.864194619989395
1772609216184609000,8.327609130859376,-15.121396577274798,-1.9281036130592226,1.8600716948404907
1772609216194607000,8.337607177734375,-14.962762012588977,-1.1699760187219828,1.2129809746466576
1772609216204605000,8.34760498046875,-14.309967966187,-1.6828385204076766,0.6646481503248214
1772609216214603000,8.35760302734375,-13.269004623281955,-2.4030913613155485,0.8749958049826323
1772609216224601000,8.36760107421875,-12.317414677309989,-2.3934435352653263,1.1277935581613332
1772609216234600200,8.37760009765625,-12.560447188603877,-1.0930015001129358,1.2566557195916772
1772609216244598000,8.387597900390626,-14.10671801470518,0.44858116817213595,1.3247203710362314
1772609216254596000,8.39759619140625,-15.257199716949462,0.9985311453670263,0.8950427869070321
1772609216264594000,8.407593994140624,-15.474592760074138,0.23628829773068427,-0.8940402588009834
1772609216274592000,8.417592041015626,-14.86480549622774,-0.6709467390123754,-2.5212273268744347
1772609216284590000,8.427590087890625,-13.439154269194603,-0.9272386909823864,-2.145932271122187
1772609216294588000,8.437587890625,-11.391740093839168,-0.5132685982685535,-1.257522127162665
1772609216304586000,8.4475859375,-9.061472268933057,-0.1634301283992827,-1.2485516158521175
1772609216314585000,8.457585205078125,-6.890210180112719,0.11762673739511519,-1.401660402853787
1772609216324583200,8.467583251953124,-5.548894355845451,0.6316734438966959,-0.7132428160153329
1772609216334581000,8.4775810546875,-4.353972038850188,0.7604501190006733,0.6096754740349948
1772609216344579000,8.4875791015625,-2.647701204928756,0.3185034569395706,1.3013301430985331
1772609216354577200,8.4975771484375,-0.8316887243062258,-1.04851083567515,1.200605769459158
1772609216364575000,8.507574951171875,1.3731342733323573,-1.2999895421445369,0.05888941134214401
1772609216374573000,8.517572998046875,3.527580251908302,-0.24864224093444645,-1.7546480574689804
1772609216384571000,8.52757080078125,5.528924165484309,-0.1566623147647828,-2.48269652068913
1772609216394569000,8.53756884765625,7.609515218776464,0.14328458147123455,-2.6428005734056232
1772609216404568000,8.547568115234375,9.359221874320507,0.7716136833760887,-2.6783973719656466
1772609216414566100,8.557566162109374,10.759895311963557,1.6245856534034013,-2.5058845040529967
1772609216424564000,8.56756396484375,11.694337723779677,2.3028514101922513,-2.3430603787228463
1772609216434562000,8.57756201171875,12.086430331206321,2.4664918203413486,-2.082297564949095
1772609216444560100,8.58756005859375,12.161435011047125,2.246478073324263,-1.7628946384191513
1772609216454558000,8.597557861328125,12.128317169821262,1.914630821893364,-0.9805140618350356
1772609216464556000,8.60755615234375,11.91172024551034,1.6639112632282078,0.13118702418133615
1772609216474554000,8.61755419921875,11.63650045183897,1.5490882216095923,0.6921822731342167
1772609216484552000,8.627552001953125,11.52318036212921,1.5828151346445083,0.5721243996020406
1772609216494551000,8.637551025390625,11.541479404407738,1.8501025278814136,0.2276960451480001
1772609216504549000,8.647549072265624,11.401685149270296,2.1951611430630087,0.22688363278657198
1772609216514547000,8.657546875,10.78262619920969,2.455916358052194,0.9356706384368241
1772609216524545000,8.667544921875,9.930397960221766,2.673003111706674,1.9841732908055185
1772609216534541800,8.677541748046876,8.97338189754784,2.68348212788403,2.6154543013185263
1772609216544540000,8.687539794921875,7.988338594785332,2.6129934641629458,2.702335296913981
1772609216554538000,8.6975380859375,7.127181199410558,2.716563728752732,1.8469696366831658
1772609216564535800,8.707535888671876,6.517623652666807,3.1032904252320526,0.4858285469507798
1772609216574534000,8.717533935546875,6.0094070040255785,3.608672727230191,-0.8614126122448593
1772609216584533000,8.727532958984375,5.56652061342895,3.7480367742568252,-1.9086681140966713
1772609216594531000,8.737531005859376,4.788846387904882,3.223254190739989,-2.0542378838956354
1772609216604529000,8.74752880859375,3.976785908654332,2.2475360579445955,-1.9123790974438188
1772609216614527000,8.75752685546875,3.604970365580916,1.194540039679408,-2.02492995634675
1772609216624525000,8.767525146484376,3.37532457460463,0.5146864291772246,-2.355103575477004
1772609216634523000,8.77752294921875,2.8534721993207928,0.22089900541901586,-2.3044582608669995
1772609216644521000,8.78752099609375,2.0268039335250854,-0.46163960638344287,-1.9450629311665892
1772609216654518800,8.797518798828126,1.0906903736263514,-1.5751643276304006,-1.6319437610812484
1772609216664516900,8.807516845703125,-0.8881003473579883,-3.1270716983139515,-1.4910112956941126
1772609216674516000,8.817515869140625,-4.734445520153641,-4.916684832310676,-0.7774946311734616
1772609216684514000,8.82751416015625,-9.8828506116271,-5.938078966870903,0.7733397034510969
1772609216694511900,8.837511962890625,-14.83220671043992,-4.418389273703098,1.8892237011753021
1772609216704510000,8.847510009765625,-19.054139346063135,-2.496980482107401,2.1409461532726883
1772609216714508000,8.857508056640626,-22.02934407413006,-1.9465214594118296,2.422280922693014
1772609216724505900,8.867505859375,-23.01814468359947,-1.4635973651982843,3.1205922731667757
1772609216734504000,8.87750390625,-22.258462626361844,-0.8000771959900855,4.363581578716635
1772609216744502000,8.887501953125,-20.310875437414644,-1.416825092629343,4.793487491708993
1772609216754499800,8.897499755859375,-17.38440814450979,-2.5932033065438267,4.310676210220158
1772609216764499000,8.9074990234375,-14.56198457892537,-2.8398215673699974,4.3238729609236115
1772609216774497000,8.9174970703125,-12.19603753787279,-2.7711668410778043,4.04575832259357
1772609216784494800,8.927494873046875,-9.94564930536747,-2.728893633493781,3.186362968455255
1772609216794493000,8.937492919921874,-7.683263176554441,-2.602757316830754,2.0291751927010715
1772609216804491000,8.947490966796876,-5.630213625660538,-2.5810131025344134,0.8119595030941069
1772609216814488800,8.95748876953125,-4.2850913948476315,-1.9976094032227991,0.3331799613393843
1772609216824487000,8.96748681640625,-3.624892625147104,-1.2545238221295176,0.24703086021505294
1772609216834485000,8.977485107421876,-2.9036247619777917,-0.6437253354139626,-0.32374066347330804
1772609216844483800,8.98748388671875,-1.2406237454622984,-0.06595438129231333,-0.6802287274248897
1772609216854482000,8.99748193359375,0.8419786476522684,0.2798505952771753,0.19981267050951718
1772609216864480000,9.00747998046875,2.9517572169840336,0.4299674339212477,1.0935933285262436
1772609216874477800,9.017477783203125,5.180374347186088,0.7277436350546777,1.3880324211262165
1772609216884476000,9.027475830078124,7.518385333564877,1.2099682026967407,1.261594637298584
1772609216894474000,9.037473876953126,9.543725624278187,1.640385426212102,1.0056344015009702
1772609216904471800,9.047471923828125,11.122633230090141,2.28619838155508,0.7719442305047065
1772609216914470000,9.057469970703124,11.862081477594375,3.005477701255679,2.079804579089582
1772609216924468000,9.067468017578125,12.009271103680133,3.1716204496145246,2.321606379544735
1772609216934466800,9.077466796875,11.804622975838184,2.8994696881249546,1.9061153608739374
1772609216944465000,9.08746484375,11.660405059039592,2.630057411688566,1.6082007741831241
1772609216954463000,9.097462890625,11.94745206862688,2.730392932140827,0.8365622486267238
1772609216964460800,9.107460693359375,12.030832947146893,2.8307670310378072,0.3707959907673299
1772609216974459000,9.117458984375,11.790802540278435,2.812003586117923,0.43317426713854074
1772609216984457000,9.12745703125,11.350012245178222,2.7568738195702434,0.5727311333235353
1772609216994454800,9.137454833984375,10.629327150332927,2.522107324579358,0.5721281989943235
1772609217004452900,9.147452880859374,9.750196291372179,1.983112237445265,0.2881939876653254
1772609217014451000,9.157450927734375,8.679589505353569,1.3654304209567605,-0.23655878523513674
1772609217024450000,9.167449951171875,6.973118764945864,1.0828547115646303,-0.8303330719135701
1772609217034448000,9.17744775390625,5.089643690425158,1.5300743090599775,-0.8248388584114611
1772609217044446000,9.187446044921876,3.3863469038784504,2.3092332201838492,-0.9868205415681004
1772609217054443800,9.19744384765625,2.206288978537917,2.426695670395344,-1.639473572064191
1772609217064441900,9.20744189453125,2.0946505583047865,2.00110937416777,-2.553765614646673
1772609217074440000,9.21743994140625,3.0584488284647464,1.780766541326791,-3.0282632412984967
1772609217084437800,9.227437744140625,4.5129912189394235,1.8016442019216716,-2.8028140252292153
1772609217094435800,9.237435791015624,6.057418463000655,1.8447769489444792,-2.175200158921629
1772609217104435000,9.24743505859375,7.468247383955121,1.8331902637861668,-1.5939223657228052
1772609217114433000,9.25743310546875,8.258429208874702,1.4467153501108287,-1.2819094033136964
1772609217124430800,9.267430908203124,7.95520087981522,0.5488961572930217,-0.8394714871369302
1772609217134429000,9.277428955078125,6.238783330410719,-1.002716906619072,-0.19328602695344016
1772609217144427000,9.287427001953125,3.28716581415832,-3.4242578245997426,0.16896388846049085
1772609217154424800,9.2974248046875,0.009321955096721648,-5.142842196649313,0.6934171486914158
1772609217164423000,9.3074228515625,-4.062812333247066,-5.4201358739852905,1.048608889222145
1772609217174420700,9.317420654296875,-10.110902995932102,-5.80652822394371,0.8556685887001454
1772609217184418800,9.327418701171876,-17.045544438445567,-6.03379793343842,0.6534380433939397
1772609217194417000,9.3374169921875,-22.046295208930967,-4.627226669928431,0.7436784324198961
1772609217204414700,9.347414794921875,-24.470419713664054,-2.677551276530325,1.4027496593952178
1772609217214412800,9.357412841796876,-23.773106142055987,-1.6401275059282778,2.0805926607273517
1772609217224411100,9.3674111328125,-20.628581789159774,-1.5782723766483366,2.515587275160849
1772609217234409000,9.377408935546875,-16.988438987910747,-1.1528164288021623,2.3185044680066405
1772609217244407000,9.387406982421876,-14.442357498025894,-0.9710697224676609,1.6779669688485561
1772609217254405000,9.397405029296875,-13.499476928210258,-2.0728747798264027,1.3373372760251163
1772609217264404000,9.407404052734375,-13.32998077777028,-3.4673788811847563,0.7711764610026032
1772609217274401800,9.41740185546875,-12.40730712968111,-3.633126200485229,-0.38905192455649373
1772609217284399900,9.42739990234375,-10.843625734573601,-2.748599035438895,-1.1447447660274803
1772609217294398000,9.43739794921875,-9.046426090970636,-1.6898014912880956,-0.6925819399762898
1772609217304396000,9.44739599609375,-7.213672318905592,-1.002057419797033,0.08530782799459993
1772609217314394000,9.45739404296875,-5.192130251431465,-0.8278726000841706,0.47269751842729746
1772609217324392000,9.467391845703125,-2.9365701692461967,-0.8282855647992342,0.6538951395116746
1772609217334390000,9.47739013671875,-0.3663549395799637,-0.7130060846500098,0.3060096668737009
1772609217344388900,9.487388916015625,2.09736683152616,-0.16058292227461934,-0.015188655173033475
1772609217354387000,9.497386962890625,3.95502532774508,0.8171478655174375,0.25628040766268967
1772609217364384800,9.507384765625,5.108761063349247,1.556255921281874,0.6239748522181063
1772609217374382800,9.5173828125,5.972806581380963,1.654889752382785,0.8194199751678853
1772609217384381000,9.527380859375,7.045178623506426,1.4115302010916173,0.6039977937247604
1772609217394379000,9.53737890625,8.264683008572458,1.3478468334712088,0.6513184208914637
1772609217404377000,9.547377197265625,9.481413837271928,1.5778054897889493,0.91176413154006
1772609217414375200,9.557375244140625,10.424047738850117,2.1032278325140474,1.3808826955020428
1772609217424373000,9.567373046875,11.06179852989912,2.4043849082574247,1.3446426306024193
1772609217434371800,9.577371826171875,11.343142943930625,2.9186101496636865,1.259973465837538
1772609217444370000,9.587369873046875,11.420246057355403,3.2618384806782004,1.2381710916131734
1772609217454368000,9.597367919921876,11.189801809477805,3.07834127741456,1.2907345148041844
1772609217464366000,9.607365966796875,10.906958681321143,2.69972599119842,1.6323489808812737
1772609217474364200,9.6173642578125,10.571676925396918,2.4104345636852083,1.6924726101934908
1772609217484362000,9.627362060546876,10.38051137946248,2.375119796936959,1.350983085670322
1772609217494360000,9.637360107421875,10.20387704770565,2.599376149959862,0.918914587816596
1772609217504358100,9.647358154296874,9.787972772058843,2.8109178367078305,0.7402874748073518
1772609217514356000,9.65735595703125,9.274535758420825,2.756790525200963,0.5382205956302583
1772609217524354800,9.667354736328125,8.920726996681093,3.0116911689430474,0.14174414709620176
1772609217534353700,9.677353759765625,8.579591838553547,3.136938427811861,-0.06110358026027679
1772609217544351700,9.687351806640624,8.353605154606699,2.6762530534133315,-0.2970747018005699
1772609217554349600,9.697349609375,8.346884321919083,2.1228926101878285,-0.3512609404204413
1772609217564347600,9.70734765625,8.491208037179709,1.873283789243549,-0.40445272464286536
1772609217574345500,9.717345458984376,8.696637086266279,2.030883311793208,-0.1758715306907892
1772609217584343600,9.727343505859375,8.725278074339032,2.1438838141597807,-0.04530347865801304
1772609217594341600,9.737341552734375,8.252374731141328,1.659656820654124,-0.21341164533831178
1772609217604340700,9.7473408203125,7.137250173482299,0.7964002610430121,-0.6127361037146299
1772609217614338600,9.757338623046875,5.417448826858401,0.1277551500365138,-1.4121638228200375
1772609217624336600,9.767336669921875,3.274717251473665,-0.5261645393945277,-2.359260695156455
1772609217634334700,9.777334716796876,0.5671294408589601,-0.9370493794441223,-2.8967279882013797
1772609217644332500,9.78733251953125,-2.7984944084644314,-0.9975967871263622,-2.762374462813139
1772609217654330600,9.79733056640625,-6.718555390334129,-1.2634531246468423,-2.000197227758914
1772609217664328700,9.80732861328125,-10.530358242058753,-1.9605282113239169,-0.9769080001670867
1772609217674326800,9.817326904296875,-13.898401427483558,-3.1349902163535353,-0.01259132302305661
1772609217684324900,9.827324951171875,-16.450222922325132,-4.702656297183037,1.2160497145675122
1772609217694323700,9.83732373046875,-17.160006683927772,-5.224709163475036,2.3402476593896746
1772609217704321500,9.847321533203125,-15.75637205839157,-3.5056957523584362,2.207817357148975
1772609217714319600,9.857319580078125,-13.583601318573951,-2.2661884437054396,0.7333027304865419
1772609217724317700,9.867317626953126,-11.662661313533782,-3.5598739172697065,0.46081469986662266
1772609217734315500,9.8773154296875,-9.529400746327639,-4.818865678593516,1.6004368621833622
1772609217744313600,9.887313720703125,-7.772451864570379,-4.402184573355317,2.8468764543175697
1772609217754311700,9.897311767578126,-7.410426478627324,-2.822118445158005,3.669020520687103
1772609217764309800,9.907309814453125,-8.351099893787502,-1.0982241301320492,3.5108144105464216
1772609217774308600,9.91730859375,-10.133264465343952,0.46630102232322096,2.2848257780276238
1772609217784306700,9.927306640625,-11.472691699385642,1.2112795775562524,1.018293903522566
1772609217794304500,9.937304443359375,-11.323923864197731,0.9079469113394617,0.29235519899800416
1772609217804302600,9.947302490234375,-9.280141907864808,0.7402842599369585,0.0285555748116225
1772609217814300700,9.95730078125,-6.3351020164370535,0.6480255168259144,-0.15469306051842868
1772609217824298500,9.967298583984375,-3.710660691064596,0.34715208032950756,-0.13437865982949732
1772609217834296600,9.977296630859374,-1.7987661622673272,0.3353121510624885,0.2723214418813586
1772609217844295000,9.987294921875,-0.740468822723627,0.8665608618535101,0.8031697551779449
1772609217854292700,9.997292724609375,-0.7360808168977498,0.9296211291395127,1.0505132615387438
1772609217864291600,10.00729150390625,-1.2088117261379956,0.6070818773452192,0.6799621854431926
1772609217874289700,10.01728955078125,-1.12016021373868,0.519592613658309,-0.026567761995270847
1772609217884287500,10.02728759765625,-0.26934651772379875,0.7105672401305287,-0.21209106425903737
1772609217894285600,10.03728564453125,1.06917061573565,0.8775590795993804,0.5374001460928469
1772609217904283600,10.04728369140625,2.637325356864929,0.9094646954912692,1.3339224991455674
1772609217914281700,10.05728173828125,4.207932751843333,0.9877573109615594,1.3959342802919446
1772609217924279800,10.06727978515625,5.724472456547618,0.9974100323826074,0.8574776108834892
1772609217934278000,10.07727783203125,7.044339250072836,0.7734383415199816,0.3248731381019577
1772609217944276700,10.08727685546875,8.122726022443175,0.5707374022230506,0.199662192655541
1772609217954274600,10.097274658203125,9.071994247469306,0.7939297792762517,0.4141100857064128
1772609217964272600,10.107272705078126,9.771467042937875,1.2440971206612885,0.6038744596060365
1772609217974270500,10.1172705078125,10.266379973369837,1.293818160033226,0.6732500475186854
1772609217984268500,10.1272685546875,11.077452026104927,1.6644421552345157,1.0371486799877137
1772609217994266600,10.1372666015625,11.64948151396513,1.118706069407612,0.6884257701449096
1772609218004264700,10.1472646484375,11.866369530177115,0.6452244879305362,0.36963279220685363
1772609218014262800,10.1572626953125,11.75665944765806,0.8465297350853681,0.25853224171008915
1772609218024260900,10.1672607421875,11.099444077682495,1.3198662090033293,0.3175842597354203
1772609218034259700,10.177259765625,9.913274975985289,1.545032224217057,0.31591201567426325
1772609218044257500,10.187257568359374,8.693309987670183,1.521904738868773,0.20438662736155092
1772609218054255600,10.197255615234376,7.828803866389394,1.5620723524756728,-0.04758184451931156
1772609218064253700,10.207253662109375,7.3502230620771645,1.7647163008883595,-0.3764437143307179
1772609218074251800,10.217251708984374,7.1990253693938255,1.8508097993679344,-0.6467782932437955
1772609218084249900,10.227249755859376,6.836221984815597,1.5912448170766234,-0.872773452758044
1772609218094248000,10.237248046875,6.319544381821155,1.08475733031556,-1.1215863740842789
1772609218104245800,10.247245849609374,5.8379567969083785,0.7884590927802025,-1.2763256118319928
1772609218114244600,10.25724462890625,5.314646039509773,0.644563832064718,-1.349828654938191
1772609218124242700,10.26724267578125,4.480463744822144,0.37760143299847837,-1.1093021351158618
1772609218134240500,10.277240478515624,3.0647675100922585,-0.02340411033257842,-0.8399258067756891
1772609218144238600,10.287238525390626,1.487409471809864,-0.5638749691076577,-1.038396853417903
1772609218154236700,10.297236572265625,-0.08608429225981235,-1.044065692834556,-1.704466122587025
1772609218164234800,10.30723486328125,-1.195989069443941,-1.3547893460854887,-2.3169268434263763
1772609218174232800,10.31723291015625,-1.6960937233000992,-1.5035989745885132,-2.1290376888141034
1772609218184231000,10.32723095703125,-2.0733295378565786,-1.9173910803869365,-0.9787863612595945
1772609218194228700,10.337228759765624,-2.546691730737686,-2.5185215750470755,0.35947146367654204
1772609218204227600,10.3472275390625,-4.152538781401515,-2.5113024374485016,1.3700260781839488
1772609218214225700,10.3572255859375,-7.069158049508929,-1.9629536849051712,1.8072586808025837
1772609218224223500,10.367223388671874,-10.615061309093237,-0.46623475215397775,1.0786565292224288
1772609218234221800,10.377221923828126,-14.412979427850246,1.4441291330099104,-0.22854685329105703
1772609218244220000,10.387219970703125,-16.47294913339615,2.285466267888248,-0.8915303218066691
1772609218254217700,10.3972177734375,-15.519596269404888,2.1318536230176686,-0.4560542805317789
1772609218264215800,10.4072158203125,-12.697813339811562,1.735997133012861,0.24367519311159846
1772609218274214000,10.4172138671875,-10.124311928081513,1.2047972297996281,0.9672864045366645
1772609218284212500,10.42721240234375,-8.653650761976838,0.44644335242584343,1.4051409384459257
1772609218294210600,10.43721044921875,-8.23706084215343,-0.13426833132281898,1.699124761559069
1772609218304208600,10.447208740234375,-8.253622100853919,-0.43847295806854963,1.7201354008838534
1772609218314206700,10.457206787109374,-7.884652594861388,-0.6119741063661873,1.2309513694927097
1772609218324204800,10.467204833984376,-6.689838998937606,-0.5757368179455399,0.8372452624548226
1772609218334203000,10.477202880859375,-5.1099868057519195,-0.5075665141694248,0.6169331900782883
1772609218344200700,10.48720068359375,-3.4138340457409617,-0.6366089275375009,0.37410332521703094
1772609218354198800,10.49719873046875,-1.8402169475525616,-0.8123328664511442,0.21578432928640395
1772609218364196900,10.50719677734375,-0.3692553371965885,-1.0897291273787617,-0.10176365355923771
1772609218374195700,10.51719580078125,0.8127993149191141,-1.3939680947855113,-0.2947944088436663
1772609218384193500,10.527193603515625,1.5083336018949747,-1.4026442993246018,-0.19018106494173406
1772609218394191600,10.537191650390625,1.7704127589643,-1.2401757094338535,-0.22895561675503848
1772609218404189700,10.547189697265624,2.8041321220904587,-1.3477198460906743,0.20755868152640758
1772609218414187800,10.557187744140625,3.1638772881418467,-0.8793041697010398,0.8787738622166216
1772609218424185900,10.567185791015625,2.330210541760921,-0.29677944518104193,0.691053999756649
1772609218434183700,10.57718359375,1.672789420080185,-0.1320879185438156,0.128222402222082
1772609218444181800,10.587181640625,0.6653945847779512,-0.16881240595951674,-0.09328077963516115
1772609218454180600,10.5971806640625,-0.5627274065077305,0.029811639287322757,-0.10471526990644633
1772609218464178700,10.6071787109375,-1.4905004235625265,0.4738642971843481,-0.3164073249105364
1772609218474176800,10.6171767578125,-2.078653947749734,0.7418996592443436,-0.5020172094792127
1772609218484174800,10.6271748046875,-2.3319664455175397,0.7264297759771347,-0.6142836984828114
1772609218494173000,10.6371728515625,-2.3245237282961604,1.0425090379770845,-0.9083711281009018
